,Year,Player,Team,Pos,G,MP,G,GS,MPG,FG,FGA,FG%,3P,3PA,3P%,2P,2PA,2P%,FT,FTA,FT%,ORB,TRB,AST,STL,BLK,TOV,PF,PTS
0,2018,Natalie Achonwa,IND,F,34,883,34,34,26,4,7.6,0.527,0,0,,4,7.6,0.527,2.2,2.8,0.8,2.5,6.9,1.4,0.9,0.7,1.1,3.1,10.3
1,2018,Kayla Alexander,IND,C,30,257,30,0,8.6,1.1,2,0.541,0,0,,1.1,2,0.541,0.5,0.6,0.824,0.7,2.2,0.2,0.1,0.3,0.6,1.2,2.7
2,2018,Lindsay Allen,LVA,G,24,358,24,6,14.9,1.2,3,0.384,0,0.7,0.063,1.1,2.4,0.474,0.7,1,0.708,0.1,1.3,2.9,0.6,0,0.9,0.7,3.1
3,2018,Rebecca Allen,NYL,F,28,291,28,0,10.4,1.4,3.6,0.376,0.4,1.4,0.263,1,2.3,0.444,0.8,0.9,0.84,0.5,1.7,0.3,0.3,0.4,0.6,1.3,3.8
4,2018,Ariel Atkins,WAS,G,29,652,29,24,22.5,4.1,9.6,0.432,1.6,4.3,0.357,2.6,5.2,0.493,1.4,1.8,0.824,1,2.4,2.1,1.3,0.3,1.3,2.5,11.3
5,2018,Seimone Augustus,MIN,G-F,33,864,33,33,26.2,4.7,10.1,0.467,0.6,2,0.318,4.1,8.1,0.504,0.7,1,0.706,0.2,1.8,2.6,0.4,0.2,1.2,1,10.8
6,2018,Rachel Banham,CON,G,33,424,33,5,12.8,1.7,4,0.414,0.9,2.5,0.37,0.8,1.6,0.481,1,1.2,0.868,0.2,0.9,1.5,0.5,0.1,0.5,1.7,5.2
7,2018,Alana Beard,LAS,G-F,30,766,30,30,25.5,1.7,4.3,0.392,0.1,0.2,0.4,1.6,4.2,0.392,0.6,0.7,0.81,1.2,3.3,1.7,1.5,0.2,0.7,2.4,4
8,2018,Hind Ben Abdelkader,IND,G,14,142,14,0,10.1,0.6,3.1,0.186,0.4,2.1,0.207,0.1,1,0.143,0.5,0.6,0.875,0.1,1,0.8,0.3,0.1,0.9,0.7,2.1
9,2018,Monique Billings,ATL,F,32,353,32,0,11,1.3,2.9,0.441,0,0,,1.3,2.9,0.441,0.8,1,0.75,1.2,2.8,0.4,0.4,0,0.4,1.2,3.3
10,2018,Sue Bird,SEA,G,31,824,31,31,26.6,3.7,8,0.466,1.9,4.3,0.448,1.8,3.6,0.487,0.8,0.9,0.828,0.2,1.7,7.1,1.1,0.1,1.9,1.2,10.1
11,2018,Kelsey Bone,LVA,C,32,344,32,10,10.8,1.3,2.5,0.5,0,0,,1.3,2.5,0.5,0.3,0.6,0.5,0.6,2.2,1.2,0.1,0.1,0.9,1.9,2.8
12,2018,DeWanna Bonner,PHO,F-G,34,1120,34,34,32.9,6.1,13.5,0.452,1.6,5.2,0.313,4.5,8.4,0.539,3.4,4,0.867,1.4,7.2,3.2,1.3,0.4,1.6,1.8,17.3
13,2018,Brittany Boyd,NYL,G,30,613,30,14,20.4,2.3,5.6,0.414,0.3,0.9,0.37,2,4.7,0.423,1.4,1.8,0.774,0.3,3.9,5.3,1.2,0.1,2.7,2.4,6.4
14,2018,Imani McGee-Stafford,ATL,C,29,305,29,2,10.5,1.3,3,0.453,0,0,,1.3,3,0.453,0.2,0.5,0.467,1.3,3.4,0.6,0.4,0.4,0.8,1.5,2.9
15,2018,Jessica Breland,ATL,F,34,899,34,34,26.4,3.6,8.5,0.428,0,0,,3.6,8.5,0.428,1,1.3,0.75,1.7,7.9,2,1.1,1.9,1.7,2.5,8.3
16,2018,Lexie Brown,CON,G,22,124,22,0,5.6,0.5,2,0.273,0.4,1.3,0.31,0.1,0.7,0.2,0.2,0.3,0.571,0,0.8,0.5,0.3,0,0.5,0.5,1.7
17,2018,Rebekkah Brunson,MIN,F,25,691,25,25,27.6,2.6,6.3,0.405,0.7,1.9,0.375,1.8,4.4,0.418,1.3,2,0.673,1.5,6.8,2.4,0.8,0.5,1.5,2.4,7.2
18,2018,Liz Cambage,DAL,C,32,945,32,32,29.5,8.7,14.8,0.589,0.4,1.2,0.324,8.3,13.6,0.611,5.3,7.2,0.738,2.3,9.7,2.3,0.5,1.7,2.8,2.8,23
19,2018,Jordin Canada,SEA,G,33,543,33,2,16.5,2,5.5,0.357,0.3,1.7,0.182,1.7,3.8,0.433,1.5,2,0.738,0.3,1.5,3.3,0.9,0,1.7,1.2,5.7
20,2018,Essence Carson,LAS,G,34,786,34,15,23.1,3,6.8,0.435,1.1,3.2,0.361,1.8,3.6,0.5,0.4,0.5,0.938,0.3,2.6,0.9,0.9,0.4,0.6,1.5,7.5
21,2018,Tina Charles,NYL,C,33,1088,33,33,33,8,16.8,0.473,0.9,2.9,0.326,7,14,0.503,2.8,3.7,0.77,1.9,7,2.7,0.7,0.6,2.8,2.5,19.7
22,2018,Saniya Chong,DAL,G,5,43,5,0,8.6,0.2,1.2,0.167,0,0.2,0,0.2,1,0.2,0.4,0.6,0.667,0.2,0.8,1,0.6,0,0.2,0.6,0.8
23,2018,Karima Christmas-Kelly,DAL,F-G,6,167,6,6,27.8,2.2,4.8,0.448,0.7,1.5,0.444,1.5,3.3,0.45,4.3,5.3,0.813,1.8,5.5,1.5,0.3,0.3,1.7,2.3,9.3
24,2018,Alysha Clark,SEA,F,31,813,31,30,26.2,2.7,5.6,0.48,0.9,2.4,0.392,1.7,3.2,0.545,1.1,1.3,0.846,1,3.5,1.9,1,0.1,1.2,2.3,7.4
25,2018,Natasha Cloud,WAS,G,27,715,27,22,26.5,3.3,7.6,0.436,1.2,3.1,0.386,2.1,4.5,0.471,0.8,1,0.778,0.2,3.2,4.6,0.7,0.1,1.7,2,8.6
26,2018,Alaina Coates,CHI,C,32,364,32,0,11.4,1.3,2.3,0.568,0,0,,1.3,2.3,0.568,0.8,1.3,0.625,1.2,3.2,0.4,0.2,0.2,0.5,1.8,3.4
27,2018,Nia Coffey,LVA,F,28,386,28,10,13.8,1.9,4.9,0.38,0.1,0.2,0.4,1.8,4.7,0.379,1.5,2.4,0.618,0.8,2.4,0.6,0.3,0.2,1.4,1.7,5.3
28,2018,Marissa Coleman,NYL,G-F,21,384,21,18,18.3,1.9,5.5,0.348,0.6,2,0.279,1.3,3.4,0.389,0.3,0.3,1,0.6,2.4,1,0.5,0.2,0.6,1,4.7
29,2018,Sydney Colson,MIN,G,2,17,2,0,8.5,1.5,3.5,0.429,0,1,0,1.5,2.5,0.6,0.5,1,0.5,0.5,1,2,0,0.5,2,1,3.5
30,2018,Kahleah Copper,CHI,G-F,33,524,33,2,15.9,2.5,6.2,0.397,0.7,1.9,0.375,1.7,4.2,0.407,1.5,1.7,0.875,0.5,2.2,0.6,0.3,0.2,1,1.4,7.1
31,2018,Monique Currie,WAS,F,32,508,32,9,15.9,2.1,5.4,0.395,0.5,1.8,0.293,1.6,3.6,0.447,1.8,2.2,0.831,0.6,3,0.8,0.4,0.2,1.2,2.3,6.6
32,2018,Damiris Dantas,ATL,F,19,255,19,0,13.4,2.2,5.1,0.433,0.3,1.1,0.238,1.9,4,0.487,0.7,0.9,0.722,0.9,2.4,0.8,0.4,0,0.5,1.7,5.4
33,2018,Kaela Davis,DAL,F,27,453,27,6,16.8,1.9,5.3,0.347,0.4,1.5,0.244,1.5,3.8,0.388,0.9,1.4,0.641,0.5,2,1.4,0.3,0,1.3,2.1,5
34,2018,Elena Delle Donne,WAS,F-G,29,933,29,29,32.2,7.6,15.6,0.488,1.7,4.2,0.405,5.9,11.4,0.518,3.8,4.3,0.887,1.5,7.2,2.3,0.9,1.4,0.9,1.7,20.7
35,2018,Diamond DeShields,CHI,G,34,967,34,33,28.4,4.9,11.5,0.425,1.2,3.6,0.328,3.7,7.9,0.468,3.4,4.1,0.836,1.1,4.9,2.2,1.1,0.3,2.1,2.2,14.4
36,2018,Blake Dietrick,ATL,G,26,186,26,0,7.2,0.5,1.3,0.343,0.3,0.9,0.391,0.1,0.5,0.25,0.2,0.2,0.667,0.1,0.5,0.4,0.3,0,0.5,0.8,1.4
37,2018,Skylar Diggins-Smith,DAL,G,32,1092,32,32,34.1,5.8,14.4,0.403,1.6,5.4,0.297,4.2,9,0.467,4.7,5.6,0.839,0.7,3.3,6.2,1.4,0.5,2.5,2.3,17.9
38,2018,Stefanie Dolson,CHI,C,27,745,27,25,27.6,4,8.5,0.467,0.7,1.9,0.346,3.3,6.6,0.503,1.1,1.2,0.938,0.7,4.6,3,0.6,0.9,1.8,3,9.7
39,2018,Candice Dupree,IND,F,32,1006,32,32,31.4,6.2,12.7,0.488,0,0,0,6.2,12.7,0.489,1.8,2.3,0.819,1.2,6.4,1.7,0.9,0.3,1.6,1.7,14.2
40,2018,Adaora Elonu,ATL,F,1,1,1,0,1,0,0,,0,0,,0,0,,0,0,,0,0,0,0,0,0,0,0
41,2018,Temi Fagbenle,MIN,C,30,283,30,2,9.4,1.3,2.6,0.506,0,0,,1.3,2.6,0.506,0.5,0.8,0.696,0.9,2,0.6,0.3,0.3,0.7,1.2,3.1
42,2018,Jamierra Faulkner,CHI,G,17,360,17,0,21.2,2.7,7.9,0.343,1.1,3.7,0.302,1.6,4.2,0.38,1.1,1.4,0.75,0.3,1.4,3.9,0.5,0.1,2.1,1.6,7.6
43,2018,Sylvia Fowles,MIN,C,34,1087,34,34,32,7,11.3,0.619,0,0,,7,11.3,0.619,3.8,5,0.757,3.6,11.9,2.2,1.4,1.2,3,3,17.7
44,2018,Cayla George,DAL,C,23,245,23,1,10.7,1.5,3.4,0.436,0.5,1.7,0.308,1,1.7,0.564,0.1,0.3,0.5,0.7,2.8,0.7,0.1,0.2,0.6,1.3,3.6
45,2018,Allisha Gray,DAL,G,34,907,34,34,26.7,2.9,7.3,0.403,0.9,3.3,0.27,2.1,4,0.511,2.4,2.8,0.863,1.2,3.4,2.4,1.3,0.2,1.4,2.2,9.2
46,2018,Chelsea Gray,LAS,G,34,1111,34,34,32.7,5.7,11.7,0.484,1.1,2.9,0.392,4.6,8.9,0.513,2.4,2.9,0.835,0.5,3.4,5.1,1.4,0.2,2.4,1.9,14.9
47,2018,Brittney Griner,PHO,C,34,1108,34,34,32.6,7.8,14.4,0.544,0,0.1,0.25,7.8,14.3,0.546,4.8,6,0.8,1.9,7.7,2.1,0.5,2.6,2.4,3.2,20.5
48,2018,Marie Gulich,PHO,C,23,115,23,0,5,0.6,1.3,0.483,0,0,,0.6,1.3,0.483,0.3,0.3,0.75,0.4,1,0.1,0,0.3,0.6,0.8,1.5
49,2018,Jazmon Gwathmey,IND,G,10,116,10,3,11.6,0.9,3.9,0.231,0.1,1.1,0.091,0.8,2.8,0.286,0.5,1,0.5,0.2,1.7,0.9,0.3,0.2,0.7,1.4,2.4
50,2018,Dearica Hamby,LVA,F,33,474,33,0,14.4,2.8,5.3,0.526,0.4,1.4,0.289,2.4,3.9,0.608,1.4,1.9,0.742,1.1,3.6,1.2,0.7,0.3,1.1,2,7.4
51,2018,Linnae Harper,CHI,G,24,146,24,0,6.1,0.8,2,0.404,0.2,0.5,0.308,0.6,1.4,0.441,0.3,0.4,0.6,0.2,0.8,1,0.2,0,0.4,0.6,2
52,2018,Amber Harris,CHI,F,1,2,1,0,2,0,0,,0,0,,0,0,,0,0,,0,0,0,0,0,0,1,0
53,2018,Bria Hartley,NYL,G,34,806,34,20,23.7,3,7.8,0.389,1.1,3.4,0.308,2,4.4,0.453,1.4,1.9,0.708,0.7,2.9,3.6,0.9,0.1,2,2.2,8.5
54,2018,Tianna Hawkins,WAS,F,32,532,32,4,16.6,2.5,5.7,0.443,0.8,2.2,0.357,1.8,3.5,0.496,0.4,0.5,0.824,1.1,3.5,0.8,0.5,0.4,1.1,2.5,6.3
55,2018,Tiffany Hayes,ATL,G,31,897,31,29,28.9,5.7,12.9,0.441,1.4,4.2,0.321,4.4,8.7,0.5,4.5,5.5,0.817,0.9,3.6,2.7,1.2,0.2,1.6,2.1,17.2
56,2018,Myisha Hines-Allen,WAS,F,24,252,24,1,10.5,1.5,3.3,0.45,0,0.1,0.333,1.5,3.2,0.455,0.7,1.1,0.654,1.2,2.9,0.4,0.4,0.2,0.4,1.5,3.8
57,2018,Sequoia Holmes,LVA,G,3,20,3,0,6.7,0.7,1,0.667,0,0,,0.7,1,0.667,0,0.3,0,0.3,0.7,0.7,0.3,0.7,0.7,0.3,1.3
58,2018,Chelsea Hopkins,CHI,G,4,58,4,4,14.5,0.8,1.5,0.5,0,0,,0.8,1.5,0.5,0.3,0.3,1,0,3.3,2,0.5,0,1.8,0.5,1.8
59,2018,Natasha Howard,SEA,F,34,869,34,33,25.6,5.1,9.4,0.547,0.5,1.5,0.327,4.6,7.9,0.59,2.4,3.1,0.798,2.4,6.4,1,1.3,2,1.9,3.7,13.2
60,2018,Briann January,PHO,G,33,895,33,33,27.1,2.3,5.5,0.423,1.4,3,0.47,0.9,2.5,0.366,0.9,1.1,0.806,0.4,2.1,3.3,0.6,0.1,1.4,2.3,7
61,2018,Moriah Jefferson,LVA,G,16,251,16,0,15.7,2.1,5.4,0.379,0.2,0.9,0.2,1.9,4.5,0.417,1.1,1.3,0.81,0.3,1.3,2.1,0.6,0,1,1.3,5.4
62,2018,Glory Johnson,DAL,F,29,652,29,17,22.5,2.9,7,0.417,0.6,1.9,0.315,2.3,5.2,0.453,1.6,2,0.78,1.6,6,1.3,1,0.5,1.3,2.1,8
63,2018,Alexis Jones,MIN,G,26,229,26,0,8.8,1.2,3.5,0.352,0.6,1.9,0.32,0.6,1.6,0.39,0.2,0.3,0.75,0.2,0.9,0.7,0.1,0.1,0.7,1,3.3
64,2018,Brionna Jones,CON,F,27,242,27,0,9,1.1,2.4,0.469,0,0,,1.1,2.4,0.469,0.9,1.2,0.727,0.9,2,0.2,0.2,0.2,0.6,1.4,3.1
65,2018,Jonquel Jones,CON,F,34,697,34,16,20.5,4.4,8,0.55,1.5,3.1,0.467,2.9,4.8,0.604,1.6,2.3,0.671,2.1,5.5,1.7,0.4,1.2,1.6,2.9,11.8
66,2018,Lynetta Kizer,MIN,F,14,78,14,0,5.6,0.6,2.4,0.242,0,0.2,0,0.6,2.1,0.267,0.4,0.7,0.6,0.4,1.5,0.6,0.1,0,0.4,1.1,1.6
67,2018,Betnijah Laney,CON,G-F,29,271,29,0,9.3,1.1,2.4,0.471,0,0.3,0.111,1.1,2.1,0.525,0.3,0.4,0.909,0.7,1.7,0.7,0.4,0,0.6,0.7,2.7
68,2018,Crystal Langhorne,SEA,F-C,26,362,26,1,13.9,2,4,0.5,0,0.2,0,2,3.8,0.52,0.6,0.7,0.889,0.7,3,0.3,0.3,0.2,0.9,0.8,4.6
69,2018,Erlana Larkins,MIN,F,13,168,13,0,12.9,0.9,2.1,0.444,0,0,,0.9,2.1,0.444,0.2,0.2,1,1,2.7,1.3,0.7,0.2,0.7,1.6,2.1
70,2018,Jantel Lavender,LAS,F,30,511,30,7,17,2.3,5.3,0.428,0.1,0.5,0.188,2.2,4.8,0.455,0.6,0.7,0.9,1.1,3.7,0.7,0.4,0.2,1,1.4,5.2
71,2018,Breanna Lewis,DAL,C,6,26,6,0,4.3,0.5,1.7,0.3,0,0,,0.5,1.7,0.3,0.2,0.2,1,0.5,1.2,0,0,0.2,0.5,1,1.2
72,2018,Camille Little,PHO,F,33,536,33,7,16.2,1,3,0.33,0.2,0.9,0.258,0.8,2.1,0.362,0.7,0.9,0.774,0.5,1.8,1.2,0.5,0.3,0.9,2.2,3
73,2018,Raigyne Louis,LVA,G,2,21,2,0,10.5,1,2.5,0.4,0,0.5,0,1,2,0.5,1,1.5,0.667,0.5,2,0.5,0.5,0,2,1,3
74,2018,Jewell Loyd,SEA,G,34,1010,34,34,29.7,5.4,12.6,0.423,2,5.3,0.37,3.4,7.3,0.462,2.9,3.4,0.851,1.2,4.6,3.7,1.3,0.1,1.9,1.8,15.5
75,2018,Sancho Lyttle,PHO,F,18,419,18,18,23.3,3.4,6.3,0.54,0,0.1,0,3.4,6.2,0.545,1.2,1.3,0.875,1.4,5.3,1.4,0.9,0.4,0.9,2.3,7.9
76,2018,Stephanie Mavunga,IND,F,25,194,25,0,7.8,0.8,1.8,0.477,0,0,0,0.8,1.7,0.488,0.5,0.6,0.8,1,2.2,0.2,0.3,0.2,0.4,1.4,2.2
77,2018,Kayla McBride,LVA,G,31,1000,31,31,32.3,6.4,14.2,0.449,1.5,3.9,0.393,4.8,10.2,0.47,3.9,4.3,0.917,0.8,3.9,3.5,1.1,0.1,2,1.1,18.2
78,2018,Erica McCall,IND,F,34,418,34,2,12.3,1.2,3.2,0.385,0,0.2,0.125,1.2,3,0.406,0.4,0.6,0.684,1.4,2.7,0.4,0.4,0.5,0.4,1.6,2.9
79,2018,Angel McCoughtry,ATL,F-G,29,799,29,28,27.6,5.9,14,0.42,0.7,2.6,0.276,5.1,11.3,0.453,4,4.8,0.836,1.6,6,3,1.3,0.6,2.6,2.6,16.5
80,2018,Kelsey Mitchell,IND,G,34,829,34,17,24.4,4.2,12.1,0.346,2.1,6.1,0.335,2.1,5.9,0.358,2.3,2.9,0.804,0.3,1.8,2.7,0.7,0.1,1.9,2.4,12.7
81,2018,Leilani Mitchell,PHO,G,31,461,31,0,14.9,1.5,4.2,0.351,1,2.9,0.341,0.5,1.3,0.375,0.4,0.5,0.857,0.3,1.4,2.3,0.5,0.2,1.2,1.3,4.4
82,2018,Tiffany Mitchell,IND,G,34,871,34,20,25.6,3.2,8.6,0.371,0.5,1.8,0.267,2.7,6.8,0.398,2.2,2.7,0.835,0.7,3.1,2.3,0.9,0.2,1.4,1.7,9.1
83,2018,Endy Miyem,MIN,F,20,101,20,1,5.1,0.6,1.9,0.324,0.1,0.5,0.2,0.5,1.4,0.37,0.1,0.1,1,0.3,0.6,0.3,0.1,0.1,0.2,0.7,1.4
84,2018,Alex Montgomery,CHI,G-F,19,122,19,0,6.4,0.3,1,0.263,0.1,0.2,0.333,0.2,0.8,0.25,0.2,0.2,1,0.3,0.9,0.5,0.1,0.1,0.3,0.7,0.8
85,2018,Renee Montgomery,ATL,G,34,935,34,34,27.5,3.1,8.1,0.389,2.3,6.2,0.371,0.9,1.9,0.446,1.7,2,0.881,0.1,1.7,3.7,1.3,0.1,1.6,1.7,10.3
86,2018,Maya Moore,MIN,F,34,1081,34,34,31.8,6.6,15.5,0.423,1.9,5.3,0.365,4.6,10.2,0.454,2.9,3.5,0.833,1.4,5.1,2.6,1.7,0.4,1.8,1.8,18
87,2018,Kaleena Mosqueda-Lewis,SEA,F,33,442,33,4,13.4,1.8,4.5,0.412,1,2.5,0.42,0.8,2,0.403,0.3,0.4,0.917,0.2,1.5,0.8,0.1,0,0.7,1.2,5.1
88,2018,Jaime Nared,LVA,G-F,31,283,31,0,9.1,0.8,2.6,0.3,0.2,1,0.226,0.5,1.6,0.347,0.8,0.9,0.857,0.3,1.5,0.5,0.4,0.1,0.5,0.8,2.5
89,2018,Astou Ndour,CHI,C-F,22,255,22,9,11.6,1.7,3.5,0.474,0.3,1,0.318,1.4,2.5,0.536,0.9,1.2,0.769,1,2.5,0.3,0.2,0.5,0.5,1.5,4.6
90,2018,Kia Nurse,NYL,G,34,774,34,7,22.8,3,7.5,0.402,1.1,3.7,0.294,1.9,3.8,0.508,2,2.3,0.87,0.7,2.4,1.6,0.7,0.1,0.9,2.1,9.1
91,2018,Chiney Ogwumike,CON,F-C,31,790,31,31,25.5,5.7,9.4,0.603,0,0.1,0.5,5.6,9.4,0.603,3,3.8,0.797,2.7,7.3,1,1.1,0.6,1.6,3.4,14.4
92,2018,Nneka Ogwumike,LAS,F,27,831,27,27,30.8,6.3,11.9,0.525,0.3,1,0.346,5.9,11,0.541,2.6,3.2,0.816,1.8,6.8,2,1.6,0.4,1.5,2.9,15.5
93,2018,Courtney Paris,SEA,C,34,360,34,0,10.6,0.9,1.8,0.533,0,0,0,0.9,1.7,0.542,0.3,0.5,0.529,1.1,3.9,0.6,0.2,0.3,0.4,1.6,2.1
94,2018,Candace Parker,LAS,F-C,31,949,31,30,30.6,6.4,13.5,0.471,1.3,3.8,0.345,5.1,9.7,0.522,3.8,4.7,0.808,1.6,8.2,4.7,1.2,1.1,3,2.1,17.9
95,2018,Cheyenne Parker,CHI,F,34,670,34,5,19.7,3.8,7.1,0.531,0.2,0.6,0.316,3.6,6.5,0.55,2.3,3.2,0.713,1.8,5.8,0.7,0.6,1.1,1.4,2.8,10
96,2018,JiSu Park,LVA,C,32,417,32,11,13,1.2,3.1,0.388,0,0.1,0,1.2,3,0.396,0.4,0.7,0.619,0.8,3.3,0.9,0.3,0.6,0.7,1.7,2.8
97,2018,Devereaux Peters,PHO,F,5,38,5,0,7.6,0.8,2.4,0.333,0,0.4,0,0.8,2,0.4,0,0,,0.4,1.6,0.4,0,0,0.4,1,1.6
98,2018,Theresa Plaisance,DAL,F,7,81,7,0,11.6,2,5.1,0.389,1.3,2.7,0.474,0.7,2.4,0.294,0,0.3,0,1.4,3.7,0.7,0.3,0.3,1.1,1.9,5.3
99,2018,Kelsey Plum,LVA,G,31,790,31,27,25.5,3.4,7.3,0.467,1.5,3.5,0.439,1.9,3.9,0.492,1.1,1.3,0.875,0.5,2.4,4,0.8,0.2,1.2,2.1,9.5
100,2018,Alexis Prince,ATL,F,2,6,2,0,3,1.5,2.5,0.6,0.5,0.5,1,1,2,0.5,0,0,,0.5,1,0,0,0,0,0.5,3.5
101,2018,Epiphanny Prince,NYL,G,16,305,16,12,19.1,3,7.6,0.393,1.1,2.7,0.419,1.9,4.9,0.38,1.3,1.5,0.875,0.4,1.6,1.7,0.9,0,1.1,1.9,8.4
102,2018,LaToya Sanders,WAS,F-C,28,686,28,25,24.5,4.1,6.8,0.607,0,0,0,4.1,6.8,0.611,1.9,2.2,0.869,2.3,6.4,1.6,1.3,1.1,1.1,2.4,10.2
103,2018,Allie Quigley,CHI,G,32,951,32,32,29.7,5.7,12.3,0.466,2.3,5.4,0.42,3.4,6.8,0.502,1.7,2,0.857,0.3,2.4,2.5,0.7,0.3,2.1,1.8,15.4
104,2018,Noelle Quinn,SEA,G,20,181,20,1,9.1,0.7,2.2,0.302,0.2,0.9,0.235,0.5,1.3,0.346,0,0,,0.1,0.9,0.7,0.1,0.1,0.5,0.4,1.5
105,2018,Angel Robinson,PHO,F-C,24,238,24,0,9.9,0.8,1.8,0.452,0,0,0,0.8,1.7,0.463,0.7,0.8,0.85,1,3,0.5,0.2,0.3,0.9,1.3,2.3
106,2018,Danielle Robinson,MIN,G,28,521,28,2,18.6,2.5,5.5,0.445,0.1,0.7,0.158,2.4,4.9,0.485,1.5,1.7,0.854,0.3,1.8,3.3,0.9,0,1.8,1.4,6.5
107,2018,Sugar Rodgers,NYL,G,31,608,31,13,19.6,2.2,6,0.362,1.4,4.3,0.323,0.8,1.7,0.462,0.6,0.7,0.826,0.6,3.2,2,0.7,0.1,1.2,2.1,6.3
108,2018,Leticia Romero,DAL,G,21,146,21,0,7,0.2,0.8,0.313,0,0.2,0.2,0.2,0.5,0.364,0.6,0.7,0.867,0.4,0.8,1.1,0,0,0.7,1,1.1
109,2018,Tierra Ruffin-Pratt,WAS,G,33,598,33,10,18.1,1.7,5,0.341,0.5,1.5,0.314,1.2,3.4,0.354,1.6,1.9,0.855,0.7,2,1.5,0.6,0.2,0.8,1.6,5.5
110,2018,Karlie Samuelson,LAS,G,20,84,20,0,4.2,0.4,0.9,0.389,0.3,0.8,0.313,0.1,0.1,1,0,0,,0.1,0.5,0.3,0.1,0.3,0.2,0.7,1
111,2018,Shoni Schimmel,LVA,G,2,13,2,0,6.5,0,2.5,0,0,2,0,0,0.5,0,0,0,,0,1,0.5,0,0,0.5,0,0
112,2018,Odyssey Sims,LAS,G,34,867,34,24,25.5,3.1,7.9,0.388,0.4,1.6,0.273,2.6,6.3,0.418,1.7,2.3,0.722,0.4,2.5,2.8,0.6,0,1.5,1.6,8.2
113,2018,Azura Stevens,DAL,F-C,34,700,34,9,20.6,3.3,7.6,0.43,0.8,2.6,0.318,2.4,5,0.488,1.5,1.9,0.788,1.7,4.6,1.3,0.9,1.1,1.5,2.1,8.9
114,2018,Breanna Stewart,SEA,F,34,1074,34,34,31.6,7.9,15,0.529,1.8,4.3,0.415,6.1,10.7,0.576,4.1,5.1,0.82,1.1,8.4,2.5,1.4,1.4,1.8,2,21.8
115,2018,Kiah Stokes,NYL,C,30,427,30,4,14.2,1.4,2.6,0.545,0,0,,1.4,2.6,0.545,0.3,0.5,0.533,1.4,4.5,0.4,0.4,0.6,0.7,1.9,3.1
116,2018,Shekinna Stricklen,CON,F,34,639,34,30,18.8,2.3,5.3,0.43,1.7,4,0.43,0.6,1.3,0.432,0.4,0.4,0.857,0.3,2.3,0.5,0.6,0.1,0.6,1.4,6.6
117,2018,Carolyn Swords,LVA,C,26,375,26,12,14.4,1.7,3,0.557,0,0,,1.7,3,0.557,0.5,0.6,0.875,1.7,4.7,0.9,0.2,0.7,0.8,2.1,3.9
118,2018,Brittney Sykes,ATL,G,29,600,29,7,20.7,3.3,8.1,0.411,0.8,2.8,0.268,2.6,5.3,0.487,2.2,3.4,0.663,0.6,3.5,2.3,0.3,0.6,1.1,1.8,9.7
119,2018,Stephanie Talbot,PHO,F,31,453,31,8,14.6,1.3,2.7,0.464,0.5,1.4,0.386,0.7,1.3,0.55,0.6,0.7,0.905,0.8,1.9,1.3,0.5,0.3,0.9,1.6,3.7
120,2018,Diana Taurasi,PHO,G,33,989,33,33,30,6.1,13.7,0.446,3.2,8.4,0.383,2.9,5.3,0.545,5.2,5.6,0.925,0.1,3.5,5.3,0.9,0.2,2.6,3,20.7
121,2018,Asia Taylor,IND,F,14,116,14,0,8.3,0.6,2.1,0.31,0.1,0.4,0.2,0.6,1.7,0.333,0.5,0.6,0.778,0.6,1.8,0.4,0.2,0,0.8,0.9,1.9
122,2018,Alyssa Thomas,CON,F,24,734,24,24,30.6,4.1,8.8,0.464,0,0,0,4.1,8.8,0.467,2.2,4,0.547,2,8.1,4.2,1.2,0.4,2,2.9,10.3
123,2018,Jasmine Thomas,CON,G,34,956,34,34,28.1,4.7,11.8,0.398,1.4,4.4,0.311,3.4,7.5,0.449,2.1,2.4,0.855,0.8,3.3,4.8,1.1,0.2,2.5,2.1,12.9
124,2018,Krystal Thomas,WAS,C,24,237,24,7,9.9,0.8,1.8,0.429,0,0,,0.8,1.8,0.429,0.3,0.5,0.636,0.9,2.5,0.2,0.2,0.1,0.8,1.9,1.8
125,2018,Kayla Thornton,DAL,F,34,971,34,32,28.6,3.4,7.5,0.447,1.3,3.6,0.355,2.1,3.9,0.53,1.3,1.5,0.86,1.3,4,1.8,1,0.4,1.1,2.7,9.2
126,2018,Kristi Toliver,WAS,G,33,1087,33,33,32.9,4.5,10.4,0.433,2.2,6.1,0.36,2.3,4.4,0.535,2.7,2.9,0.918,0.2,2.3,4.4,1.2,0,2.2,1.6,13.9
127,2018,Morgan Tuck,CON,F,34,462,34,1,13.6,2.4,5,0.473,0.6,1.9,0.349,1.7,3.1,0.547,0.6,0.7,0.826,0.7,2.3,0.5,0.4,0.1,0.7,1.2,5.9
128,2018,Yvonne Turner,PHO,G,32,426,32,3,13.3,1.5,3.9,0.376,0.7,2.2,0.324,0.8,1.7,0.444,0.5,0.7,0.682,0.2,1.8,1.3,0.7,0.1,0.6,1.1,4.1
129,2018,Maria Vadeeva,LAS,C,25,204,25,0,8.2,1.6,3,0.527,0.2,0.5,0.333,1.4,2.5,0.565,0.4,0.5,0.75,0.7,2.2,0.4,0.4,0.4,0.5,1.8,3.6
130,2018,Courtney Vandersloot,CHI,G,30,955,30,30,31.8,4.5,9.3,0.489,1.5,3.8,0.398,3,5.5,0.552,1.9,2.3,0.826,0.5,3.7,8.6,1.3,0.6,3.5,2.1,12.5
131,2018,Kia Vaughn,NYL,C,29,532,29,27,18.3,2.5,4.7,0.533,0,0,,2.5,4.7,0.533,0.6,1,0.643,1.2,4,0.7,0.7,0.2,1,1.7,5.7
132,2018,Victoria Vivians,IND,G,34,920,34,26,27.1,3.1,7.6,0.404,1.9,4.8,0.399,1.2,2.9,0.412,0.8,0.9,0.931,0.5,3.1,1.2,0.9,0.1,1,1.8,8.9
133,2018,Shatori Walker-Kimbrough,WAS,G,19,168,19,1,8.8,1.3,2.9,0.429,0.4,1.2,0.304,0.9,1.7,0.515,0.6,0.6,1,0.2,0.8,0.4,0.4,0.3,0.8,0.4,3.5
134,2018,Lindsay Whalen,MIN,G,32,617,32,29,19.3,2,5.6,0.363,0.5,1.3,0.357,1.6,4.3,0.365,1.2,1.3,0.881,0.3,2.6,3.1,0.7,0.1,1.3,1.3,5.7
135,2018,Erica Wheeler,IND,G,34,737,34,22,21.7,2.9,8.3,0.351,0.6,2.2,0.276,2.3,6.1,0.379,1.4,1.7,0.797,0.6,2.9,4.1,0.8,0.2,1.4,2.3,7.8
136,2018,Sami Whitcomb,SEA,G,31,265,31,0,8.5,1,2.8,0.349,0.8,2.2,0.362,0.2,0.5,0.294,0.2,0.2,1,0.2,0.9,0.5,0.5,0.1,0.5,0.6,2.9
137,2018,Sydney Wiese,LAS,G,11,36,11,0,3.3,0,0.4,0,0,0.4,0,0,0,,0,0,,0,0.3,0.2,0,0,0.1,0.5,0
138,2018,Courtney Williams,CON,G,30,812,30,29,27.1,5.7,12.5,0.456,0.7,1.8,0.377,5,10.7,0.469,0.6,0.8,0.68,1.5,5.9,3,0.8,0.1,1.8,1.6,12.6
139,2018,Elizabeth Williams,ATL,C-F,33,885,33,32,26.8,3.7,6.7,0.548,0,0,,3.7,6.7,0.548,1.8,3.1,0.563,2.2,5.8,1.4,0.8,1.8,1.2,2.7,9.1
140,2018,Gabby Williams,CHI,F,34,781,34,30,23,3,6.9,0.432,0.2,0.8,0.269,2.8,6.2,0.452,1.1,1.4,0.783,1.2,4.3,1.6,1.6,0.2,1.1,1.9,7.3
141,2018,Riquna Williams,LAS,G,33,546,33,3,16.5,2.5,6,0.407,1.5,3.9,0.375,1,2.2,0.465,0.7,0.9,0.8,0.4,1.4,0.7,0.7,0.1,0.5,1.6,7.1
142,2018,A'ja Wilson,LVA,F,33,1010,33,33,30.6,7.4,16.1,0.462,0,0,,7.4,16.1,0.462,5.8,7.5,0.774,2,8,2.2,0.8,1.7,1.4,2.1,20.7
143,2018,Imani Wright,PHO,G,1,1,1,0,1,0,1,0,0,1,0,0,0,,0,0,,0,0,0,0,0,0,0,0
144,2018,Tanisha Wright,MIN,G,33,586,33,4,17.8,1.5,4,0.383,0.6,1.5,0.396,1,2.6,0.376,0.6,0.8,0.741,0.3,1.6,2,0.5,0.1,1.3,1.9,4.3
145,2018,Tamera Young,LVA,F,33,881,33,25,26.7,3.9,9.6,0.408,0.1,0.4,0.308,3.8,9.2,0.413,2,2.8,0.707,1.1,5.1,2.8,1,0.2,1.7,2.1,9.9
146,2018,Amanda Zahui B.,NYL,C,29,460,29,0,15.9,3.1,6.2,0.5,0.7,2.1,0.344,2.4,4.1,0.58,0.8,1.3,0.605,1.3,3,0.7,0.4,0.4,1.6,2.8,7.7
147,2018,Cecilia Zandalasini,MIN,F,29,478,29,6,16.5,2.1,5.1,0.409,0.8,2.1,0.383,1.3,3.1,0.427,0.7,0.9,0.84,0.2,1.9,1.1,0.3,0,1.1,1.8,5.7
148,2018,Shavonte Zellous,NYL,G,22,531,22,22,24.1,2.9,6.8,0.423,0.4,1.4,0.267,2.5,5.4,0.462,2.1,2.8,0.754,0.3,3.1,3,0.6,0.2,1.2,2.6,8.2
149,2018,Alex Bentley,TOT,G,35,745,35,0,21.3,3.7,9.5,0.387,1.1,3.6,0.307,2.5,5.8,0.436,1,1.3,0.723,0.3,1.5,3.3,1.1,0.1,1.6,2.2,9.4
150,2018,Layshia Clarendon,TOT,G,33,549,33,4,16.6,1.7,4.3,0.401,0.1,0.6,0.1,1.7,3.7,0.451,1.3,1.6,0.811,0.5,1.8,2.2,0.5,0,1.2,1.5,4.8
151,2018,Tayler Hill,TOT,G,20,235,20,1,11.8,1.2,4.2,0.286,0.7,2.3,0.289,0.6,2,0.282,0.7,0.7,0.929,0.2,0.8,1,0.2,0.1,0.9,0.4,3.7
152,2018,Maggie Lucas,TOT,G,8,56,8,0,7,0.1,2,0.063,0.1,1.6,0.077,0,0.4,0,0,0,,0.1,0.4,0,0.4,0,0.8,0,0.4
153,2018,Teana Muldrow,TOT,F,4,9,4,0,2.3,0,0.3,0,0,0.3,0,0,0,,0,0,,0,0.3,0,0,0,0,0.3,0
154,2018,Cappie Pondexter,TOT,G,30,545,30,14,18.2,2.8,7.4,0.381,0.4,1,0.367,2.5,6.4,0.383,1.3,1.5,0.867,0.2,1.8,1.8,0.5,0,0.9,1.5,7.3
155,2018,Aerial Powers,TOT,G,24,345,24,0,14.4,2,5.1,0.393,0.5,1.8,0.273,1.5,3.3,0.462,1.7,1.9,0.87,0.7,2.8,0.9,0.5,0.3,1.3,1.3,6.2
156,2018,Mercedes Russell,TOT,C,24,133,24,0,5.5,0.7,1.4,0.471,0,0,,0.7,1.4,0.471,0.3,0.6,0.571,0.3,1.4,0.2,0.1,0.1,0.3,0.7,1.7
157,2018,Alex Bentley,CON,G,19,413,19,0,21.7,3.8,9.6,0.396,1.1,3.6,0.304,2.7,5.9,0.451,1.3,1.6,0.833,0.5,1.4,3.2,1.3,0.1,1.6,2.3,10
158,2018,Layshia Clarendon,ATL,G,18,311,18,4,17.3,1.4,4.4,0.329,0.1,0.8,0.143,1.3,3.6,0.369,1.3,1.7,0.8,0.6,2.1,1.7,0.4,0,1.3,1.7,4.3
159,2018,Tayler Hill,WAS,G,13,117,13,0,9,0.8,3,0.282,0.5,1.6,0.286,0.4,1.4,0.278,0.8,0.9,0.917,0.1,0.6,1,0.2,0.1,0.8,0.5,3
160,2018,Maggie Lucas,ATL,G,7,36,7,0,5.1,0.1,1.6,0.091,0.1,1.4,0.1,0,0.1,0,0,0,,0.1,0.4,0,0.1,0,0.7,0,0.4
161,2018,Teana Muldrow,SEA,F,3,6,3,0,2,0,0.3,0,0,0.3,0,0,0,,0,0,,0,0.3,0,0,0,0,0,0
162,2018,Cappie Pondexter,LAS,G,13,134,13,0,10.3,1.2,3.3,0.349,0,0.2,0,1.2,3.2,0.366,1.3,1.5,0.895,0.2,1.1,0.8,0.2,0,0.3,1.2,3.6
163,2018,Aerial Powers,DAL,G,15,231,15,0,15.4,2,5.5,0.366,0.3,1.9,0.179,1.7,3.6,0.463,1.9,2.3,0.824,0.7,2.5,0.9,0.5,0.1,1.6,1.4,6.2
164,2018,Mercedes Russell,NYL,C,2,32,2,0,16,0.5,1.5,0.333,0,0,,0.5,1.5,0.333,1.5,2,0.75,0,1.5,1,1,0.5,0.5,1,2.5
165,2018,Alex Bentley,ATL,G,16,332,16,0,20.8,3.5,9.3,0.376,1.1,3.6,0.31,2.4,5.7,0.418,0.6,1.1,0.529,0,1.5,3.4,0.9,0.1,1.6,2,8.7
166,2018,Layshia Clarendon,CON,G,15,238,15,0,15.9,2.1,4.2,0.492,0,0.4,0,2.1,3.8,0.544,1.3,1.5,0.826,0.5,1.6,2.7,0.5,0,0.9,1.1,5.4
167,2018,Tayler Hill,DAL,G,7,118,7,1,16.9,1.9,6.4,0.289,1,3.4,0.292,0.9,3,0.286,0.3,0.3,1,0.3,1,1,0.1,0.1,0.9,0.3,5
168,2018,Maggie Lucas,DAL,G,1,20,1,0,20,0,5,0,0,3,0,0,2,0,0,0,,0,0,0,2,0,1,0,0
169,2018,Teana Muldrow,DAL,F,1,3,1,0,3,0,0,,0,0,,0,0,,0,0,,0,0,0,0,0,0,1,0
170,2018,Cappie Pondexter,IND,G,17,411,17,14,24.2,4.1,10.6,0.389,0.6,1.6,0.393,3.5,8.9,0.388,1.3,1.5,0.846,0.3,2.4,2.6,0.7,0,1.4,1.8,10.2
171,2018,Aerial Powers,WAS,G,9,114,9,0,12.7,2,4.4,0.45,0.8,1.8,0.438,1.2,2.7,0.458,1.3,1.3,1,0.6,3.2,0.9,0.7,0.4,0.8,1,6.1
172,2018,Mercedes Russell,SEA,C,22,101,22,0,4.6,0.7,1.4,0.484,0,0,,0.7,1.4,0.484,0.2,0.5,0.5,0.4,1.4,0.1,0,0.1,0.3,0.6,1.6
173,2019,Natalie Achonwa,IND,F,30,636,30,18,21.2,3.3,6.8,0.488,0.1,0.4,0.25,3.2,6.4,0.503,2,2.2,0.909,1.6,5.2,1.6,0.6,0.7,1,2.6,8.7
174,2019,Kayla Alexander,CHI,C,3,20,3,0,6.7,1,1.3,0.75,0,0,,1,1.3,0.75,1,1.3,0.75,0.7,2.3,0.3,0,0,0.3,1,3
175,2019,Rebecca Allen,NYL,F,24,412,24,2,17.2,2.7,6.5,0.417,1.2,2.8,0.426,1.5,3.7,0.409,0.5,0.7,0.813,0.5,2.5,0.7,0.5,0.8,0.7,2.1,7.2
176,2019,Jillian Alleyne,MIN,C-F,5,14,5,0,2.8,0.4,1.2,0.333,0,0,,0.4,1.2,0.333,0,0,,0.4,1,0.2,0,0.2,0,0,0.8
177,2019,Ariel Atkins,WAS,G,33,804,33,33,24.4,3.7,9,0.416,1.5,4.3,0.357,2.2,4.6,0.471,1.3,1.6,0.811,0.7,2.8,2,1.5,0.5,1,2.2,10.3
178,2019,Seimone Augustus,MIN,G-F,12,156,12,7,13,1.7,5.3,0.313,0.2,1,0.167,1.5,4.3,0.346,0.3,0.3,0.75,0.2,0.6,1.3,0.4,0.1,1,0.4,3.8
179,2019,Rachel Banham,CON,G,29,353,29,0,12.2,1.3,4,0.322,0.8,2.5,0.306,0.5,1.5,0.349,0.3,0.4,0.692,0,1,0.9,0.3,0.1,0.9,1.2,3.6
180,2019,Alana Beard,LAS,G-F,16,235,16,3,14.7,1.4,3.1,0.449,0.1,0.3,0.2,1.3,2.8,0.477,0.4,0.6,0.778,0.1,1.5,1.4,0.8,0.2,0.6,1.3,3.3
181,2019,Kenisha Bell,MIN,G,3,11,3,0,3.7,0,0.3,0,0,0.3,0,0,0,,0,0,,0,0.3,0.3,0,0,0.3,0.3,0
182,2019,Alex Bentley,ATL,G,29,634,29,4,21.9,3.4,11.1,0.307,1.1,4.7,0.235,2.3,6.4,0.358,1,1.2,0.857,0.3,1.9,3,0.7,0.3,1.5,1.9,9
183,2019,Tiffany Bias,NYL,G,12,105,12,0,8.8,0.6,2.3,0.25,0.3,1.6,0.158,0.3,0.8,0.444,0.5,0.6,0.857,0,0.5,0.9,0.3,0,0.7,0.6,1.9
184,2019,Monique Billings,ATL,F,29,553,29,2,19.1,1.9,5,0.389,0,0,1,1.9,4.9,0.385,1.6,2.1,0.783,2.1,6.9,0.6,0.6,0.4,1.6,2.3,5.5
185,2019,DeWanna Bonner,PHO,F-G,34,1120,34,34,32.9,5.6,14.8,0.377,1.5,5.6,0.272,4.1,9.2,0.441,4.5,4.9,0.916,1,7.6,2.7,1.3,0.6,1.6,1.6,17.2
186,2019,Brittany Boyd,NYL,G,33,649,33,17,19.7,2.2,5.5,0.394,0.2,0.7,0.304,1.9,4.8,0.408,0.8,1,0.765,0.8,3.7,4.6,1.4,0.1,2.5,2.1,5.3
187,2019,Imani McGee-Stafford,DAL,C,29,346,29,6,11.9,1.8,3.8,0.468,0,0.1,0.25,1.7,3.6,0.476,0.3,0.5,0.643,1.5,3.8,0.6,0.6,0.6,1.2,2,3.9
188,2019,Jessica Breland,ATL,F,33,767,33,33,23.2,3.2,8.3,0.378,0.3,1.2,0.237,2.9,7.2,0.401,0.9,1,0.879,1.3,7.3,1.7,1.3,1.1,1.2,2,7.5
189,2019,Kalani Brown,LAS,C,28,377,28,0,13.5,1.9,4,0.478,0,0,0,1.9,4,0.482,1.3,1.6,0.783,1.2,3.5,0.6,0.3,0.8,1,1.7,5.1
190,2019,Lexie Brown,MIN,G,33,605,33,0,18.3,2.5,6.3,0.402,1.6,4.1,0.385,1,2.2,0.432,0.9,1.2,0.789,0.2,1.4,1.4,0.9,0,1.2,1.3,7.6
191,2019,Kennedy Burke,IND,G,31,423,31,7,13.6,1.5,3.8,0.385,0.5,1.3,0.35,1,2.5,0.403,1,1.4,0.705,0.6,1.5,0.7,0.6,0.3,0.7,1,4.4
192,2019,Liz Cambage,LVA,C,32,807,32,30,25.2,6.1,12.2,0.504,0.1,0.4,0.167,6.1,11.8,0.515,3.6,4.8,0.748,2,8.2,2.1,0.6,1.6,2.3,2.8,15.9
193,2019,Jordin Canada,SEA,G,30,865,30,29,28.8,3.7,9.6,0.388,0.3,1.4,0.186,3.5,8.2,0.423,2.1,2.7,0.768,0.4,2.4,5.2,2.3,0.2,2.6,1.6,9.8
194,2019,Essence Carson,PHO,G,23,425,23,13,18.5,2,5.6,0.352,0.6,1.8,0.341,1.3,3.8,0.356,1.3,1.6,0.784,0.5,2.2,1.5,0.5,0.3,0.7,1,5.8
195,2019,Arica Carter,PHO,G,6,24,6,0,4,0.2,0.8,0.2,0,0.7,0,0.2,0.2,1,0,0,,0,0,0.2,0.2,0,0.3,0.8,0.3
196,2019,Maite Cazorla,ATL,G,31,477,31,1,15.4,0.9,3,0.312,0.4,1.8,0.236,0.5,1.2,0.421,0.7,0.8,0.875,0.1,0.7,1.6,0.6,0,0.9,0.7,3
197,2019,Tina Charles,NYL,C,33,1028,33,33,31.2,6.7,17.2,0.389,0.3,1.8,0.186,6.3,15.4,0.412,3.3,4,0.812,2,7.5,2.4,0.7,0.9,2.6,2.8,16.9
198,2019,Karima Christmas-Kelly,MIN,F-G,6,72,6,0,12,0.8,3,0.278,0.5,1.8,0.273,0.3,1.2,0.286,0.5,0.8,0.6,0.2,0.8,1,0.8,0.2,0.7,1.3,2.7
199,2019,Layshia Clarendon,CON,G,9,138,9,0,15.3,2,4.8,0.419,0.2,0.2,1,1.8,4.6,0.39,2,2.3,0.857,0.8,2.4,2.1,0.3,0,0.9,0.8,6.2
200,2019,Alysha Clark,SEA,F,31,881,31,30,28.4,3.7,7.6,0.481,1.6,3.4,0.481,2,4.2,0.481,0.6,0.7,0.818,1.2,4.7,2.5,1.1,0.5,1.5,1.9,9.6
201,2019,Natasha Cloud,WAS,G,34,1093,34,34,32.1,3.2,8.2,0.394,1.3,4.1,0.326,1.9,4.1,0.461,1.2,1.8,0.683,0.2,2.5,5.6,1,0.2,1.9,2,9
202,2019,Nia Coffey,ATL,F,28,389,28,6,13.9,1.7,5,0.338,0.8,2.1,0.379,0.9,2.9,0.309,0.8,1.5,0.548,0.8,2.8,0.4,0.5,0.5,0.8,1.9,5
203,2019,Napheesa Collier,MIN,F,34,1131,34,34,33.3,4.9,10,0.49,0.9,2.4,0.361,4,7.6,0.531,2.4,3,0.792,1.8,6.6,2.6,1.9,0.9,1.9,2.9,13.1
204,2019,Sydney Colson,LVA,G,33,379,33,0,11.5,1.1,2.5,0.44,0.3,0.6,0.45,0.8,1.9,0.438,0.8,1,0.818,0.1,0.7,1.8,0.9,0.1,0.8,1.2,3.3
205,2019,Kahleah Copper,CHI,G-F,34,502,34,0,14.8,2.3,6,0.387,0.4,1.4,0.306,1.9,4.6,0.413,1.6,2.1,0.771,0.4,1.9,0.9,0.4,0.1,1.3,1.5,6.7
206,2019,Sophie Cunningham,PHO,G,32,389,32,5,12.2,0.9,2.5,0.354,0.4,1.4,0.304,0.4,1,0.424,0.9,1.1,0.882,0.2,1.4,0.8,0.3,0.1,0.6,1.7,3.1
207,2019,Damiris Dantas,MIN,F,26,667,26,26,25.7,3.4,7.9,0.432,1.6,4.1,0.393,1.8,3.8,0.475,0.7,1,0.731,1.1,4.5,3.2,0.7,0.6,1.7,2.8,9.2
208,2019,Kaela Davis,DAL,F,33,634,33,16,19.2,2.3,7,0.329,0.5,1.5,0.314,1.8,5.5,0.333,0.9,1,0.879,0.5,2.2,2.1,0.5,0.2,2.2,2.4,6
209,2019,Elena Delle Donne,WAS,F-G,31,901,31,31,29.1,7.1,13.8,0.515,1.7,3.9,0.43,5.4,9.9,0.549,3.7,3.8,0.974,1.5,8.2,2.2,0.6,1.3,1,1,19.5
210,2019,Diamond DeShields,CHI,G,34,1027,34,34,30.2,5.6,14.1,0.399,1.5,4.6,0.316,4.2,9.5,0.44,3.4,4.1,0.836,0.9,5.5,2.4,1.3,0.4,2.2,2.7,16.2
211,2019,Blake Dietrick,SEA,G,17,106,17,1,6.2,0.1,0.6,0.1,0,0.4,0,0.1,0.2,0.25,0.2,0.4,0.667,0.1,0.6,0.9,0.2,0.1,0.6,0.8,0.4
212,2019,Stefanie Dolson,CHI,C,34,850,34,34,25,3.6,6.9,0.519,0.9,2.4,0.361,2.7,4.4,0.607,1.3,1.4,0.898,1.2,5.6,2.2,0.6,1,1.9,3.7,9.3
213,2019,Candice Dupree,IND,F,34,1043,34,34,30.7,5.1,10.9,0.472,0,0.1,0,5.1,10.8,0.475,1.4,1.6,0.839,0.7,5,2.5,0.4,0.6,1.5,1,11.6
214,2019,Asia Durr,NYL,G,18,480,18,15,26.7,3.9,8.4,0.467,0.8,2.8,0.294,3.1,5.6,0.554,1,1.2,0.818,0.3,1.6,1.7,0.6,0.4,1.2,1.9,9.7
215,2019,Temi Fagbenle,MIN,C,18,271,18,0,15.1,2.3,4.5,0.519,0.1,0.3,0.167,2.3,4.2,0.547,0.7,1,0.722,1.2,2.9,0.8,0.3,0.3,1.8,2.3,5.4
216,2019,Jamierra Faulkner,CHI,G,13,72,13,0,5.5,0.5,1.4,0.333,0.1,0.7,0.111,0.4,0.7,0.556,0.3,0.6,0.5,0.2,0.3,0.8,0.2,0,0.4,0.6,1.3
217,2019,Sylvia Fowles,MIN,C,34,1003,34,34,29.5,5.8,9.9,0.588,0,0,,5.8,9.9,0.588,2.1,2.9,0.707,2.7,8.9,1.5,0.9,1.4,2,2.6,13.6
218,2019,Allisha Gray,DAL,G,34,1035,34,29,30.4,3.4,7.5,0.457,1,2.5,0.384,2.5,5,0.494,2.8,3.3,0.848,1.3,4.1,2.3,1.2,0.4,1.4,2.6,10.6
219,2019,Chelsea Gray,LAS,G,34,1108,34,34,32.6,5.5,13.3,0.416,1.5,3.9,0.382,4.1,9.4,0.43,1.9,2.1,0.917,0.4,3.8,5.9,1,0.1,3.2,1.4,14.5
220,2019,Reshanda Gray,NYL,F,34,519,34,10,15.3,2.1,4.4,0.473,0,0.1,0.5,2.1,4.4,0.473,1,1.8,0.565,1.8,5.2,0.5,0.5,0.2,1.2,3.3,5.2
221,2019,Brittney Griner,PHO,C,31,1018,31,31,32.8,8.7,15.5,0.564,0,0.1,0.333,8.7,15.4,0.565,3.3,4,0.808,1.6,7.2,2.4,0.7,2,2.5,2.7,20.7
222,2019,Marie Gulich,ATL,C,31,349,31,1,11.3,1.3,3.5,0.361,0.3,0.8,0.32,1,2.7,0.373,0.5,0.7,0.727,1.1,2.7,0.6,0.2,0.8,1,2,3.3
223,2019,Megan Gustafson,DAL,C,25,238,25,0,9.5,1.1,2.2,0.491,0,0.4,0.111,1,1.8,0.565,0.7,0.8,0.9,0.8,2.5,0.3,0.2,0.2,0.4,1,2.9
224,2019,Dearica Hamby,LVA,F,34,842,34,9,24.8,4.1,8.5,0.488,0.5,1.6,0.321,3.6,6.9,0.525,2.2,3,0.718,2.2,7.6,1.9,1,0.4,1.8,2.1,11
225,2019,Isabelle Harrison,DAL,F,31,794,31,29,25.6,3.5,7.8,0.456,0,0.2,0,3.5,7.6,0.468,1.5,2.2,0.716,2.3,5.8,1.4,1.1,0.8,1.5,2.6,8.6
226,2019,Bria Hartley,NYL,G,24,545,24,18,22.7,3.3,8.8,0.376,1,3,0.329,2.3,5.7,0.401,2.2,2.8,0.803,0.8,3.2,3.2,0.8,0,2.1,2.3,9.8
227,2019,Tianna Hawkins,WAS,F,31,477,31,1,15.4,3.6,7.1,0.514,1.1,2.9,0.363,2.6,4.2,0.62,1.2,1.3,0.925,1.5,4.2,0.7,0.5,0.1,1.1,2.5,9.5
228,2019,Tiffany Hayes,ATL,G,29,817,29,29,28.2,5.1,12.9,0.393,1.2,4,0.308,3.8,8.9,0.432,3.3,4.4,0.764,0.7,3,2.8,1,0.3,2.4,2.4,14.7
229,2019,Natisha Hiedeman,CON,G,20,205,20,0,10.3,1.2,2.9,0.414,0.7,1.4,0.464,0.6,1.5,0.367,0.6,1.2,0.5,0.4,1.5,1.9,0.4,0.1,0.7,1.3,3.7
230,2019,Tayler Hill,DAL,G,4,49,4,2,12.3,1,3.3,0.308,0.3,1.5,0.167,0.8,1.8,0.429,1,1.3,0.8,0.5,1.3,0.8,0.3,0,0,1,3.3
231,2019,Myisha Hines-Allen,WAS,F,27,211,27,0,7.8,0.9,2.6,0.362,0.2,0.6,0.375,0.7,2,0.358,0.3,0.4,0.583,0.9,2.1,0.9,0.3,0.4,0.8,1.2,2.3
232,2019,Bria Holmes,CON,G,34,529,34,0,15.6,2.3,5.7,0.399,0.6,1.9,0.317,1.7,3.8,0.438,1.1,1.7,0.672,0.3,1.4,0.9,0.5,0.2,0.9,1.1,6.3
233,2019,Anriel Howard,SEA,F,3,20,3,0,6.7,0.7,1.7,0.4,0.3,0.7,0.5,0.3,1,0.333,0,0,,0.7,1,0,0.3,0,0.7,1.3,1.7
234,2019,Natasha Howard,SEA,F,34,1066,34,34,31.4,6.7,15.2,0.439,0.9,3.1,0.308,5.7,12.1,0.472,3.8,4.6,0.81,2.7,8.2,2.1,2.2,1.7,2.9,2.9,18.1
235,2019,Chloe Jackson,CHI,G,8,32,8,0,4,0.3,1.1,0.222,0,0,,0.3,1.1,0.222,0.1,0.8,0.167,0.4,0.8,0.5,0.6,0,0.8,0.1,0.6
236,2019,Briann January,PHO,G,32,852,32,26,26.6,2.2,5.7,0.39,1,2.6,0.378,1.3,3.1,0.4,1.1,1.3,0.837,0.2,1.3,3.2,0.8,0.1,1.7,2.1,6.5
237,2019,Marine Johannes,NYL,G,19,345,19,0,18.2,2.5,5.8,0.436,1.3,3.5,0.379,1.2,2.3,0.523,0.8,1,0.789,0.5,1.8,2.4,0.4,0.2,1.2,1.6,7.2
238,2019,Glory Johnson,DAL,F,28,676,28,19,24.1,2.8,7.6,0.364,1.3,3.7,0.34,1.5,4,0.387,0.5,0.9,0.583,1,5.1,1.4,1.4,0.6,1,1.6,7.3
239,2019,Shenise Johnson,IND,G,17,219,17,0,12.9,1.8,5.3,0.333,0.5,1.9,0.242,1.3,3.4,0.386,0.9,0.9,0.938,0.6,2.1,1.1,0.7,0.1,0.7,1,4.9
240,2019,Alexis Jones,LAS,G,20,243,20,1,12.2,1.4,3.5,0.4,0.6,1.7,0.333,0.9,1.9,0.459,0.6,0.8,0.8,0.1,1.1,1.8,0.3,0.2,1.4,1.5,4
241,2019,Brionna Jones,CON,F,27,227,27,0,8.4,1.3,2.8,0.467,0,0,0,1.3,2.7,0.473,0.9,1.3,0.667,1.4,2.2,0.3,0.3,0.3,0.7,1.3,3.5
242,2019,Jonquel Jones,CON,F,34,980,34,34,28.8,5.1,11.4,0.448,1.3,4.1,0.309,3.8,7.3,0.526,3.2,3.9,0.818,3.3,9.7,1.5,1.3,2,1.9,2.8,14.6
243,2019,Paris Kea,IND,G,11,60,11,0,5.5,1,2.5,0.407,0.5,0.8,0.556,0.5,1.6,0.333,0.2,0.4,0.5,0.1,0.5,0.5,0.1,0.2,0.8,0.4,2.6
244,2019,Betnijah Laney,IND,G-F,34,877,34,27,25.8,2.3,6.3,0.362,0.6,1.9,0.303,1.7,4.3,0.388,0.5,0.9,0.581,0.9,4.2,1.7,1.4,0.1,1.4,1.6,5.6
245,2019,Crystal Langhorne,SEA,F-C,34,577,34,4,17,2.1,5,0.409,0.5,1.7,0.316,1.5,3.4,0.456,1,1.3,0.75,0.8,3.1,1,0.3,0.3,1.3,1,5.6
246,2019,Jantel Lavender,CHI,F,23,619,23,22,26.9,4.5,9.1,0.49,0.3,1.2,0.222,4.2,8,0.53,0.8,0.9,0.905,2,6.9,1.1,0.3,0.6,1.4,1.5,10
247,2019,Camille Little,PHO,F,29,425,29,0,14.7,1.4,3.2,0.435,0.2,0.7,0.333,1.1,2.4,0.465,0.9,1.1,0.806,0.7,2.4,0.8,0.4,0.3,0.9,1.8,3.9
248,2019,Jewell Loyd,SEA,G,27,686,27,21,25.4,4.3,11.1,0.391,1.3,3.7,0.337,3.1,7.3,0.419,2.4,2.6,0.928,0.4,2.7,2,1.3,0.1,1.9,1.2,12.3
249,2019,Sancho Lyttle,PHO,F,20,250,20,2,12.5,1.3,3.1,0.419,0.1,0.2,0.25,1.3,2.9,0.431,0.3,0.4,0.625,0.7,2.9,0.3,0.6,0.3,0.6,1.4,2.9
250,2019,Marina Mabrey,LAS,G,31,355,31,0,11.5,1.5,4.2,0.344,0.7,2.5,0.273,0.8,1.7,0.444,0.5,0.5,0.875,0.2,1.2,1,0.6,0.2,0.8,0.7,4
251,2019,Victoria Macaulay,CHI,C,5,22,5,0,4.4,0.4,1,0.4,0,0,,0.4,1,0.4,0.4,0.4,1,0.2,0.8,0,0.4,0.2,0,0.6,1.2
252,2019,Stephanie Mavunga,IND,F,24,204,24,0,8.5,1,2,0.511,0,0,0,1,1.9,0.522,0.5,0.7,0.706,0.9,2.3,0.2,0.3,0.3,0.4,1.6,2.5
253,2019,Kayla McBride,LVA,G,34,990,34,34,29.1,4.5,10.5,0.425,1.8,4.3,0.428,2.6,6.3,0.423,2.6,2.8,0.906,0.6,4.1,2.6,1.2,0.1,1.7,1.4,13.3
254,2019,Erica McCall,IND,F,15,104,15,0,6.9,0.2,1.5,0.136,0,0,,0.2,1.5,0.136,0.5,0.5,1,0.7,1.8,0.4,0.1,0.4,0.2,0.9,0.9
255,2019,Brooke McCarty-Williams,DAL,G,34,447,34,3,13.1,0.8,2.6,0.289,0.5,1.5,0.36,0.2,1.2,0.2,0.3,0.4,0.917,0.3,1.3,1.9,0.5,0,0.9,1.2,2.4
256,2019,Angel McCoughtry,ATL,F-G,1,0,1,1,0,0,0,,0,0,,0,0,,0,0,,0,0,0,0,0,0,0,0
257,2019,Teaira McCowan,IND,C,34,752,34,16,22.1,3.5,6.8,0.517,0,0,,3.5,6.8,0.517,3,4.4,0.687,3.2,9,0.2,0.6,1.3,1.3,3.2,10
258,2019,Emma Meesseman,WAS,F,23,543,23,6,23.6,5.3,9.6,0.552,0.8,2,0.422,4.5,7.7,0.585,1.7,1.8,0.905,1.2,4.2,3.2,0.9,0.7,1,1.8,13.1
259,2019,Kim Mestdagh,WAS,G,15,71,15,0,4.7,0.5,1.2,0.389,0.4,1,0.4,0.1,0.2,0.333,0.1,0.1,1,0.1,0.3,0.4,0.1,0,0.4,0.3,1.5
260,2019,Kelsey Mitchell,IND,G,34,852,34,20,25.1,4.9,12.7,0.387,2.3,6.2,0.374,2.6,6.5,0.398,1.5,1.8,0.836,0.1,1.6,2.6,0.4,0.1,1.7,1.7,13.6
261,2019,Leilani Mitchell,PHO,G,32,971,32,27,30.3,4.2,9.5,0.441,2.3,5.4,0.43,1.9,4.1,0.455,2.1,2.6,0.829,0.5,3,4,0.9,0.3,1.8,2.4,12.8
262,2019,Tiffany Mitchell,IND,G,33,831,33,14,25.2,3.3,8.7,0.381,0.6,2.1,0.29,2.7,6.6,0.41,2.5,2.8,0.892,0.7,2.9,2.2,0.6,0.1,1.7,2.5,9.7
263,2019,Renee Montgomery,ATL,G,34,949,34,34,27.9,3.1,8.5,0.37,2,6.2,0.324,1.1,2.3,0.494,1.2,1.5,0.824,0.3,2.2,2.6,0.9,0.2,1.9,1.5,9.5
264,2019,Kaleena Mosqueda-Lewis,SEA,F,31,435,31,4,14,2.1,5.3,0.399,0.9,2.6,0.341,1.2,2.6,0.457,0.5,0.5,1,0.3,1.2,0.5,0.3,0.2,1.2,1.3,5.5
265,2019,Jaime Nared,LVA,G-F,1,1,1,0,1,0,0,,0,0,,0,0,,0,0,,0,0,0,0,0,0,1,0
266,2019,Astou Ndour,CHI,C-F,21,368,21,11,17.5,2.8,5.6,0.492,0.7,1.6,0.424,2.1,4,0.518,0.6,0.9,0.722,1.4,4.2,0.7,0.5,0.7,0.7,1.7,6.8
267,2019,Kia Nurse,NYL,G,34,1001,34,34,29.4,4.2,10.6,0.393,1.9,5.4,0.353,2.3,5.2,0.435,3.4,3.9,0.872,0.6,2.5,2.3,0.7,0.1,1.6,1.8,13.7
268,2019,Arike Ogunbowale,DAL,G,33,1059,33,28,32.1,6.5,16.7,0.388,1.7,4.9,0.352,4.8,11.8,0.404,4.4,5.4,0.815,0.6,2.4,3.2,1.1,0,2.1,2.6,19.1
269,2019,Chiney Ogwumike,LAS,F-C,32,697,32,14,21.8,3.9,7.9,0.494,0,0.1,0.25,3.9,7.8,0.498,1.7,2.1,0.809,2.5,5.8,0.8,1,0.7,1.3,3.4,9.6
270,2019,Nneka Ogwumike,LAS,F,32,892,32,32,27.9,6.5,12.7,0.51,0.7,2.1,0.338,5.8,10.6,0.544,2.4,2.9,0.828,2.3,8.8,1.8,1.9,0.5,1.8,2.9,16.1
271,2019,Courtney Paris,SEA,C,30,190,30,0,6.3,0.2,0.5,0.4,0,0,,0.2,0.5,0.4,0.1,0.2,0.429,0.4,1.7,0.4,0.3,0.1,0.3,0.6,0.5
272,2019,Candace Parker,LAS,F-C,22,571,22,22,26,4,9.6,0.422,0.7,2.7,0.267,3.3,6.9,0.483,2.4,3,0.791,1.1,6.4,3.5,1,0.8,2.5,1.8,11.2
273,2019,Cheyenne Parker,CHI,F,34,670,34,0,19.7,3.1,6.9,0.459,0.1,0.5,0.278,3,6.3,0.474,2.4,2.8,0.842,1.8,5.8,0.9,0.7,1.2,1.3,2.4,8.8
274,2019,JiSu Park,LVA,C,25,163,25,0,6.5,0.3,1.5,0.216,0,0,0,0.3,1.4,0.222,0.2,0.4,0.444,0.4,1.1,0.4,0.2,0.2,0.3,0.9,0.8
275,2019,Shey Peddy,WAS,G,15,71,15,0,4.7,0.5,0.9,0.615,0.3,0.5,0.5,0.3,0.3,0.8,0.4,0.4,1,0.1,0.6,0.5,0.3,0,0.2,0.5,1.7
276,2019,Haley Peters,ATL,F,4,26,4,0,6.5,0,1.8,0,0,0,,0,1.8,0,0.5,0.5,1,0.3,0.5,0.3,0.3,0.3,1,0.8,0.5
277,2019,Kelsey Plum,LVA,G,34,868,34,30,25.5,3.1,8.6,0.365,1.3,3.7,0.36,1.8,4.9,0.369,1,1.1,0.872,0.4,2.9,3,0.8,0.1,1.6,2.2,8.6
278,2019,Aerial Powers,WAS,G,30,593,30,7,19.8,3.6,8.3,0.434,1.4,3.9,0.362,2.2,4.4,0.496,2.8,3.3,0.867,1.1,3.2,1.5,0.8,0.2,1.5,1.6,11.4
279,2019,Epiphanny Prince,LVA,G,3,28,3,0,9.3,1.7,3.3,0.5,1,2.3,0.429,0.7,1,0.667,0,0,,0.3,0.7,1,0.3,0.3,0,1.7,4.3
280,2019,LaToya Sanders,WAS,F-C,34,804,34,34,23.6,2.6,5.1,0.506,0,0,,2.6,5.1,0.506,1,1.1,0.892,1.3,5.5,1.9,0.9,1.4,0.9,2.1,6.1
281,2019,Allie Quigley,CHI,G,34,972,34,34,28.6,5,10.2,0.493,2.4,5.3,0.442,2.7,4.9,0.548,1.4,1.6,0.87,0.4,3,2.5,0.8,0.2,1.4,1.8,13.8
282,2019,Nayo Raincock-Ekunwe,NYL,F,28,367,28,1,13.1,1.5,2.8,0.544,0,0.1,0.333,1.5,2.7,0.553,0.6,0.9,0.64,1.4,2.8,0.4,0.3,0.1,0.8,1.5,3.7
283,2019,Danielle Robinson,MIN,G,34,919,34,25,27,4.1,9.3,0.437,0.3,1.2,0.22,3.8,8.1,0.469,1.7,1.9,0.879,0.6,3.5,3.7,1.2,0.2,2.1,1.8,10.1
284,2019,Sugar Rodgers,LVA,G,33,382,33,0,11.6,1.2,3.4,0.36,0.9,2.5,0.357,0.3,0.8,0.37,0.1,0.2,0.6,0.1,1.5,1.2,0.4,0.4,0.8,1.1,3.4
285,2019,Tierra Ruffin-Pratt,LAS,G,34,856,34,33,25.2,2.1,5.8,0.367,0.7,2.1,0.342,1.4,3.6,0.382,1,1.2,0.854,0.6,2.4,1.7,0.8,0.6,0.9,2.7,6
286,2019,Mercedes Russell,SEA,C,34,870,34,30,25.6,3.1,6,0.52,0,0,,3.1,6,0.52,1.2,1.9,0.646,2.4,6.1,1,1.1,0.5,1,2.5,7.5
287,2019,Katie Lou Samuelson,CHI,F,20,153,20,0,7.7,0.6,1.9,0.316,0.4,1.5,0.276,0.2,0.5,0.444,0.8,1,0.8,0.2,0.9,0.4,0.3,0.1,0.3,0.8,2.4
288,2019,Jessica Shepard,MIN,F,6,112,6,0,18.7,1.8,4.8,0.379,0.2,1.2,0.143,1.7,3.7,0.455,1,1.3,0.75,1.5,5.7,3.5,0.3,0.2,2.5,1.5,4.8
289,2019,Odyssey Sims,MIN,G,34,1083,34,34,31.9,5.6,13.4,0.415,0.7,2.7,0.269,4.8,10.6,0.453,2.6,3.3,0.795,0.7,3.4,5.4,1.4,0.1,3.3,2,14.5
290,2019,Alanna Smith,PHO,F,18,134,18,0,7.4,0.4,2.3,0.195,0.1,1,0.111,0.3,1.3,0.261,0.1,0.1,0.5,0.6,1.9,0.2,0.3,0.3,0.4,1,1.1
291,2019,Azura Stevens,DAL,F-C,9,144,9,1,16,2.1,5.9,0.358,0.1,1,0.111,2,4.9,0.409,0.4,0.6,0.8,1.7,3.6,0.6,0.6,1.1,1,1.3,4.8
292,2019,Shekinna Stricklen,CON,F,34,804,34,34,23.6,3.1,7.5,0.408,2.2,5.9,0.382,0.8,1.6,0.5,0.6,0.8,0.815,0.3,1.9,1.1,1,0.2,0.8,2.3,9
293,2019,Carolyn Swords,LVA,C,29,257,29,4,8.9,1.1,2.5,0.438,0,0,,1.1,2.5,0.438,0.4,0.4,0.846,0.7,2.2,0.3,0.2,0.1,0.6,0.9,2.6
294,2019,Brittney Sykes,ATL,G,34,880,34,27,25.9,3.8,10.3,0.365,0.8,3.2,0.259,2.9,7.1,0.412,1.9,2.7,0.703,0.7,4.4,2.5,0.6,0.5,2,1.7,10.2
295,2019,Stephanie Talbot,MIN,F,33,561,33,10,17,1.7,4.7,0.37,0.9,2.9,0.326,0.8,1.8,0.441,0.8,0.9,0.871,0.5,2.4,1.2,0.9,0.3,1.3,1.1,5.2
296,2019,Diana Taurasi,PHO,G,6,129,6,6,21.5,0.7,6.5,0.103,0.2,4,0.042,0.5,2.5,0.2,2.8,3,0.944,0.2,3.2,5.3,0.3,0.2,2.2,2.5,4.3
297,2019,Alyssa Thomas,CON,F,34,1026,34,34,30.2,4.9,9.8,0.505,0,0,0,4.9,9.8,0.506,1.8,3.6,0.496,2.4,7.8,3.1,1.9,0.4,2,2.8,11.6
298,2019,Jasmine Thomas,CON,G,34,1009,34,34,29.7,4.1,10.4,0.392,1.3,3.6,0.366,2.8,6.8,0.405,1.6,2.1,0.8,0.6,2.9,5.1,1.4,0.1,2.7,1.8,11.1
299,2019,Kayla Thornton,DAL,F,27,822,27,25,30.4,3.7,10.7,0.343,1,3.8,0.272,2.6,6.9,0.382,2,2.1,0.931,1.8,5.3,1.8,0.9,0.3,1.6,2.2,10.4
300,2019,Shao Ting,MIN,F,5,27,5,0,5.4,0.4,2,0.2,0,0,,0.4,2,0.2,0.4,0.6,0.667,0.4,1.2,0.4,0,0.2,0.4,1.2,1.2
301,2019,Kristi Toliver,WAS,G,23,678,23,23,29.5,5,10.2,0.494,1.6,4.3,0.36,3.5,5.9,0.593,1.3,1.5,0.857,0.5,2.9,6,1.2,0.1,2,1.3,13
302,2019,Morgan Tuck,CON,F,33,352,33,0,10.7,1.4,3.5,0.388,0.5,1.3,0.357,0.9,2.2,0.405,0.5,0.9,0.6,0.5,2,0.8,0.4,0.1,0.9,1.3,3.7
303,2019,Brianna Turner,PHO,F,29,462,29,12,15.9,1.7,3.1,0.538,0,0,,1.7,3.1,0.538,0.7,0.9,0.731,1.6,4.1,0.5,0.2,0.7,0.7,1.7,4
304,2019,Yvonne Turner,PHO,G,29,595,29,14,20.5,2,5.9,0.343,0.9,2.7,0.329,1.1,3.2,0.355,1.5,1.7,0.878,0.3,2.8,2.3,0.6,0.1,2,1.3,6.4
305,2019,Maria Vadeeva,LAS,C,15,180,15,1,12,3.4,6.9,0.49,0.3,1.1,0.313,3.1,5.9,0.523,0.7,0.9,0.769,1.2,3.9,0.7,1,0.2,1.2,1.5,7.8
306,2019,Courtney Vandersloot,CHI,G,33,991,33,33,30,4.1,9.1,0.452,0.9,3.2,0.29,3.2,5.8,0.542,2.1,2.4,0.85,0.6,4.3,9.1,1.4,0.5,2.9,1.5,11.2
307,2019,Ashley Walker,LAS,F-C,3,22,3,0,7.3,0.3,3.7,0.091,0,1.7,0,0.3,2,0.167,0,0,,0.7,1,1,0.3,0,0,1.3,0.7
308,2019,Shatori Walker-Kimbrough,WAS,G,34,580,34,1,17.1,2.2,5.2,0.432,0.6,2.1,0.31,1.6,3.1,0.514,1.6,1.7,0.93,0.5,1.6,1.2,0.8,0.2,1,1.2,6.7
309,2019,Avery Warley-Talbert,NYL,C,3,35,3,0,11.7,0.3,1.7,0.2,0,0,,0.3,1.7,0.2,0.3,0.7,0.5,1,2.3,0,0,0.7,1.3,2.3,1
310,2019,Erica Wheeler,IND,G,34,850,34,34,25,3.7,8.8,0.426,1.4,3.7,0.384,2.3,5.1,0.457,1.2,1.4,0.872,0.1,3,5,1.2,0.1,2.9,2.2,10.1
311,2019,Sami Whitcomb,SEA,G,33,674,33,13,20.4,2.5,6.8,0.366,1.9,5.6,0.342,0.6,1.2,0.475,0.3,0.3,1,0.5,1.7,2.4,1.1,0.1,1.6,1.5,7.2
312,2019,Sydney Wiese,LAS,G,32,659,32,16,20.6,1.7,4.5,0.385,1.1,2.9,0.366,0.7,1.6,0.42,0.3,0.3,1,0.2,1.3,1.8,0.5,0.3,1,0.8,4.8
313,2019,Courtney Williams,CON,G,34,988,34,34,29.1,5.5,12.6,0.435,0.5,1,0.457,5,11.6,0.433,1.8,2.2,0.8,1.4,5.6,3.8,1.4,0.4,1.6,1.4,13.2
314,2019,Elizabeth Williams,ATL,C-F,32,909,32,32,28.4,3.3,7.3,0.455,0,0,,3.3,7.3,0.455,2.6,3.5,0.732,3.1,6.5,1.2,0.8,1.7,1.3,2.2,9.3
315,2019,Gabby Williams,CHI,F,33,527,33,2,16,2.3,5.5,0.414,0.2,1.2,0.171,2.1,4.2,0.486,0.9,1.2,0.725,0.4,2.2,2.1,0.7,0.2,1.7,1.2,5.6
316,2019,Riquna Williams,LAS,G,23,593,23,14,25.8,4,10.5,0.384,2.3,6,0.391,1.7,4.5,0.375,1.9,2.2,0.88,0.6,2.6,1.6,1.1,0.2,1.2,2.5,12.3
317,2019,A'ja Wilson,LVA,F,26,740,26,25,28.5,6.1,12.7,0.479,0,0,0,6.1,12.7,0.48,4.4,5.5,0.792,1.7,6.5,1.8,0.5,1.7,2.2,2,16.5
318,2019,Tanisha Wright,NYL,G,31,613,31,17,19.8,1.7,4.2,0.415,0.5,1.2,0.368,1.3,3,0.435,0.8,1,0.806,0.7,2.8,4.1,1,0.3,1.8,2.2,4.7
319,2019,Han Xu,NYL,C,18,143,18,0,7.9,1.3,3.2,0.414,0.3,0.6,0.5,1.1,2.7,0.396,0.1,0.1,0.5,0.1,0.8,0.1,0.2,0.2,0.1,0.3,3
320,2019,Jackie Young,LVA,G,34,767,34,34,22.6,2.2,6.9,0.322,0.4,1.3,0.318,1.8,5.6,0.323,1.7,2.1,0.808,0.7,3.3,4.5,0.8,0.4,1.6,1.4,6.6
321,2019,Tamera Young,LVA,F,34,628,34,4,18.5,2,5.3,0.38,0.1,0.5,0.313,1.9,4.8,0.387,1.1,1.8,0.639,1,3.6,2,0.7,0.1,1.4,1.8,5.3
322,2019,Amanda Zahui B.,NYL,C,24,558,24,23,23.3,3.4,7.2,0.468,0.9,2.9,0.319,2.5,4.3,0.567,1,1.1,0.852,1.1,6.3,0.9,1.1,1.4,1.3,3.3,8.6
323,2019,Shavonte Zellous,SEA,G,31,432,31,4,13.9,1.4,3.7,0.379,0.2,1,0.188,1.2,2.7,0.452,1,1.3,0.75,0.2,1.5,1.5,0.3,0.2,1.1,1.4,4
324,2019,Kristine Anigwe,TOT,F-C,27,250,27,0,9.3,0.8,2.5,0.324,0,0,,0.8,2.5,0.324,0.8,1.2,0.688,1,2.4,0.2,0.3,0.3,0.6,1.4,2.4
325,2019,Bridget Carleton,TOT,F,8,40,8,0,5,0.1,1,0.125,0.1,0.5,0.25,0,0.5,0,0,0,,0.1,0.5,0.1,0,0,0.1,0.3,0.4
326,2019,Alaina Coates,TOT,C,23,167,23,0,7.3,1,2,0.533,0,0,,1,2,0.533,0.5,0.9,0.571,0.9,2.6,0.1,0.2,0.5,0.4,1.6,2.6
327,2019,Theresa Plaisance,TOT,F,31,442,31,12,14.3,1.7,4.7,0.37,0.8,2.4,0.342,0.9,2.4,0.397,0.7,0.8,0.808,0.8,3.6,1.1,0.3,0.6,1,2.1,5
328,2019,Karlie Samuelson,TOT,G,7,84,7,0,12,0.4,2,0.214,0.4,1.7,0.25,0,0.3,0,0,0,,0.1,0.6,0.7,0.4,0.1,0,1.1,1.3
329,2019,Asia Taylor,TOT,F,12,96,12,0,8,0.8,2.3,0.357,0,0.2,0,0.8,2.2,0.385,0.5,0.7,0.75,0.7,1.8,0.7,0.2,0.1,0.6,0.8,2.2
330,2019,Kristine Anigwe,CON,F-C,17,121,17,0,7.1,0.6,2.1,0.314,0,0,,0.6,2.1,0.314,0.7,1,0.706,0.8,1.8,0.2,0.4,0.2,0.6,1,2
331,2019,Bridget Carleton,CON,F,4,29,4,0,7.3,0,1.5,0,0,0.5,0,0,1,0,0,0,,0.3,0.8,0.3,0,0,0.3,0.5,0
332,2019,Alaina Coates,MIN,C,14,92,14,0,6.6,1.1,2.2,0.484,0,0,,1.1,2.2,0.484,0.4,0.6,0.625,0.9,2.4,0.1,0.2,0.4,0.4,1.2,2.5
333,2019,Theresa Plaisance,DAL,F,22,378,22,12,17.2,2.1,5.6,0.374,1,3,0.343,1,2.5,0.411,0.8,1,0.773,1,4.4,1.5,0.3,0.8,1.4,2.4,6
334,2019,Karlie Samuelson,LAS,G,3,36,3,0,12,0.3,2.3,0.143,0.3,2,0.167,0,0.3,0,0,0,,0,0.7,1,0,0,0,0.7,1
335,2019,Asia Taylor,MIN,F,8,65,8,0,8.1,1.3,2.8,0.455,0,0.1,0,1.3,2.6,0.476,0.6,0.8,0.833,0.5,1.8,0.9,0.1,0.1,0.6,0.8,3.1
336,2019,Kristine Anigwe,DAL,F-C,10,129,10,0,12.9,1.1,3.3,0.333,0,0,,1.1,3.3,0.333,1,1.5,0.667,1.4,3.6,0.3,0.3,0.4,0.7,2.2,3.2
337,2019,Bridget Carleton,MIN,F,4,11,4,0,2.8,0.3,0.5,0.5,0.3,0.5,0.5,0,0,,0,0,,0,0.3,0,0,0,0,0,0.8
338,2019,Alaina Coates,ATL,C,9,75,9,0,8.3,1,1.6,0.643,0,0,,1,1.6,0.643,0.8,1.4,0.538,0.9,3,0.1,0.2,0.7,0.4,2.2,2.8
339,2019,Theresa Plaisance,CON,F,9,64,9,0,7.1,0.9,2.6,0.348,0.2,0.7,0.333,0.7,1.9,0.353,0.4,0.4,1,0.3,1.8,0,0.3,0.2,0.1,1.3,2.4
340,2019,Karlie Samuelson,DAL,G,4,48,4,0,12,0.5,1.8,0.286,0.5,1.5,0.333,0,0.3,0,0,0,,0.3,0.5,0.5,0.8,0.3,0,1.5,1.5
341,2019,Asia Taylor,PHO,F,4,31,4,0,7.8,0,1.5,0,0,0.3,0,0,1.3,0,0.3,0.5,0.5,1,1.8,0.3,0.3,0,0.5,1,0.3
342,2020,Natalie Achonwa,IND,F,18,364,18,11,20.2,3.2,6.4,0.496,0,0.6,0,3.2,5.8,0.543,1.4,1.8,0.813,1.4,5.5,1.7,0.5,0.6,1.8,2.6,7.8
343,2020,Jaylyn Agnew,ATL,F,12,71,12,0,5.9,0.3,1.3,0.267,0.3,1.1,0.231,0.1,0.2,0.5,0.3,0.4,0.8,0,0.4,0.3,0,0,0.4,0.6,1.3
344,2020,Bella Alarie,DAL,C-F,22,309,22,3,14,1.1,3,0.364,0,0.6,0.077,1,2.4,0.434,0.5,0.5,0.833,1,2.9,0.5,0.6,0.8,0.5,1.6,2.7
345,2020,Kayla Alexander,MIN,C,16,89,16,0,5.6,1,1.9,0.533,0,0,,1,1.9,0.533,0.3,0.5,0.625,0.6,0.9,0.2,0.1,0.2,0.4,0.9,2.3
346,2020,Julie Allemand,IND,G,22,716,22,22,32.5,2.8,6.1,0.455,2,4.2,0.478,0.8,1.9,0.405,1,1.4,0.733,0.4,4.5,5.8,1.1,0.4,2.6,2.6,8.5
347,2020,Lindsay Allen,LVA,G,21,284,21,21,13.5,1.3,3.1,0.424,0.3,0.8,0.353,1,2.3,0.449,0.4,0.5,0.8,0.3,1.1,2.4,0.3,0,0.8,1,3.3
348,2020,Kristine Anigwe,LAS,F-C,17,197,17,1,11.6,1.9,3.1,0.604,0,0,,1.9,3.1,0.604,0.8,1.5,0.538,1.1,2.6,0.2,0.6,0.4,0.9,1.9,4.6
349,2020,Ariel Atkins,WAS,G,22,682,22,22,31,5,11.4,0.438,2,4.9,0.411,3,6.5,0.458,2.8,3.2,0.886,0.8,2.9,2.4,1.8,0.2,1.9,2.6,14.8
350,2020,Seimone Augustus,LAS,G-F,21,332,21,0,15.8,2.6,5.2,0.491,0.6,1,0.545,2,4.2,0.477,0.2,0.3,0.667,0.1,1.8,1.2,0.6,0.1,0.4,1,5.9
351,2020,Rachel Banham,MIN,G,20,339,20,1,17,2.4,5.2,0.462,1.3,2.7,0.472,1.2,2.6,0.451,0.8,1,0.8,0.1,1.3,2.4,0.5,0.1,1,2,6.9
352,2020,Monique Billings,ATL,F,22,596,22,16,27.1,3.1,7.7,0.4,0,0,,3.1,7.7,0.4,2.3,3,0.761,2.6,8.5,1.2,1.1,0.8,1.9,2.8,8.5
353,2020,Sue Bird,SEA,G,11,257,11,11,23.4,3.7,7.5,0.494,2.1,4.5,0.469,1.6,3.1,0.529,0.3,0.4,0.75,0.1,1.7,5.2,0.6,0.2,1.6,0.8,9.8
354,2020,DeWanna Bonner,CON,F-G,22,732,22,22,33.3,6.7,16,0.422,1.2,4.9,0.252,5.5,11.1,0.496,5,5.6,0.895,1.5,7.8,3,1.7,0.5,2.4,2.1,19.7
355,2020,Brittany Brewer,ATL,F,5,33,5,0,6.6,0.4,0.6,0.667,0,0,,0.4,0.6,0.667,0,0,,0.2,1,0,0.6,0.8,0.4,0.8,0.8
356,2020,Kalani Brown,ATL,C,10,61,10,0,6.1,1.2,2.3,0.522,0,0,,1.2,2.3,0.522,0.6,1,0.6,0.3,1.2,0,0.1,0.1,0.5,1,3
357,2020,Lexie Brown,MIN,G,17,374,17,13,22,2.2,6.5,0.342,0.8,3.1,0.269,1.4,3.5,0.407,1.1,1.4,0.792,0.2,1.9,2.4,1.8,0,1.4,1.5,6.4
358,2020,Cierra Burdick,LVA,F,13,28,13,0,2.2,0.2,0.5,0.286,0,0,,0.2,0.5,0.286,0,0,,0.1,0.4,0.2,0,0,0.1,0.2,0.3
359,2020,Kennedy Burke,IND,G,22,403,22,11,18.3,2.6,5.8,0.449,0.7,2.2,0.313,1.9,3.6,0.532,1.4,1.9,0.714,0.9,1.8,1.1,0.6,0.4,1.2,1.1,7.2
360,2020,Jordin Canada,SEA,G,20,483,20,11,24.2,2.8,6.6,0.424,0.1,0.6,0.091,2.8,6.1,0.455,2.2,2.9,0.772,0.5,2.3,5.5,1.5,0,2,1.8,7.9
361,2020,Emma Cannon,LVA,F,1,0,1,0,0,0,0,,0,0,,0,0,,0,0,,0,0,0,0,0,0,0,0
362,2020,Bridget Carleton,MIN,F,22,568,22,15,25.8,2.4,4.6,0.52,1,2.1,0.457,1.5,2.5,0.571,0.8,1.3,0.643,1,3.6,2.5,0.7,0,1.2,1.8,6.6
363,2020,Chennedy Carter,ATL,G,16,406,16,16,25.4,6.6,14,0.473,0.8,2,0.375,5.9,12,0.49,3.4,4.2,0.821,0.5,2.3,3.4,0.9,0.3,2.7,3.6,17.4
364,2020,Kaila Charles,CON,G-F,21,376,21,7,17.9,1.9,4.6,0.412,0.5,1.4,0.367,1.4,3.2,0.433,1,1.5,0.71,1.1,2.6,0.9,0.8,0.3,0.9,2.1,5.4
365,2020,Karima Christmas-Kelly,MIN,F-G,2,25,2,0,12.5,0.5,3.5,0.143,0,1.5,0,0.5,2,0.25,3.5,4,0.875,0.5,3,0.5,1.5,0.5,2,1,4.5
366,2020,Layshia Clarendon,NYL,G,19,496,19,19,26.1,3.9,8.4,0.465,0.8,2.3,0.341,3.1,6.1,0.513,2.9,3.3,0.873,0.3,2.5,3.9,0.9,0,3.4,2.9,11.5
367,2020,Alysha Clark,SEA,F,22,633,22,22,28.8,3.7,6.7,0.558,1.6,3,0.522,2.1,3.6,0.588,0.9,1.1,0.8,0.9,4.2,2.7,1.5,0.5,0.9,1.7,10
368,2020,Alaina Coates,WAS,C,20,197,20,0,9.9,0.9,1.7,0.529,0,0,,0.9,1.7,0.529,0.7,1.3,0.538,1,2.8,0.5,0.4,0.2,0.6,1.7,2.5
369,2020,Nia Coffey,PHO,F,15,230,15,1,15.3,1.1,2.5,0.421,0.5,1.4,0.333,0.6,1.1,0.529,0.1,0.4,0.167,0.3,2.5,0.8,0.3,0.3,0.5,2,2.7
370,2020,Napheesa Collier,MIN,F,22,752,22,22,34.2,6.2,11.8,0.523,0.9,2.2,0.408,5.3,9.6,0.55,2.9,3.5,0.829,2.8,9,3.3,1.8,1.3,2.7,2.7,16.1
371,2020,Sydney Colson,CHI,G,17,110,17,0,6.5,0.6,1.3,0.455,0.2,0.5,0.333,0.4,0.8,0.538,0.4,0.5,0.875,0.1,0.4,0.8,0.4,0,0.8,0.8,1.8
372,2020,Te'a Cooper,LAS,G,20,345,20,3,17.3,2.6,5.7,0.451,0.6,1.6,0.344,2,4.1,0.494,1.3,1.7,0.765,0.1,1,2,0.7,0,1.5,2,7
373,2020,Kahleah Copper,CHI,G-F,22,688,22,22,31.3,6,12.1,0.496,1,2.8,0.344,5,9.3,0.541,1.9,2.6,0.737,1,5.5,2.1,1,0.2,2.5,2.4,14.9
374,2020,Lauren Cox,IND,F,14,183,14,1,13.1,1.3,3.1,0.419,0.2,0.4,0.5,1.1,2.6,0.405,0.8,1.1,0.733,0.7,3.3,1.4,0.4,0.3,0.8,1.4,3.6
375,2020,Sophie Cunningham,PHO,G,21,396,21,11,18.9,1.7,4.3,0.385,0.6,2.4,0.235,1.1,1.9,0.575,1,1.2,0.88,0.4,1,0.8,0.5,0.1,0.7,2.2,5
376,2020,Crystal Dangerfield,MIN,G,21,629,21,19,30,5.9,12.5,0.471,1.6,4.9,0.333,4.3,7.7,0.559,2.8,3,0.922,0.2,2,3.6,0.9,0,2.6,1.5,16.2
377,2020,Damiris Dantas,MIN,F,22,586,22,22,26.6,4.6,10,0.464,1.8,4.1,0.433,2.9,5.9,0.485,1.8,2.5,0.727,1.7,6.1,2.6,1.1,0.2,1.8,2.5,12.9
378,2020,Kaela Davis,ATL,F,2,2,2,0,1,0,0,,0,0,,0,0,,0,0,,0,0,0,0,0,0,0,0
379,2020,Diamond DeShields,CHI,G,13,224,13,0,17.2,2.8,6.4,0.434,0.2,1.4,0.167,2.5,5,0.508,1.1,1.4,0.778,0.2,1.8,1.5,0.9,0.1,2.3,2.1,6.8
380,2020,Blake Dietrick,ATL,G,22,463,22,4,21,2.2,4.7,0.471,1.2,2.6,0.448,1,2.1,0.5,0.2,0.4,0.625,0.4,1.6,3.4,0.8,0.1,1.8,1.9,5.9
381,2020,Skylar Diggins-Smith,PHO,G,22,675,22,22,30.7,5.8,12.2,0.474,2.1,5.3,0.397,3.7,6.9,0.533,4.1,4.5,0.9,0.5,3.3,4.2,0.9,0.5,3.2,2.3,17.7
382,2020,Stefanie Dolson,CHI,C,15,273,15,8,18.2,2.3,4.7,0.486,0.8,2.1,0.375,1.5,2.5,0.579,0.9,1.3,0.737,0.7,3.5,1.7,0.4,0.9,1,3.2,6.3
383,2020,Kathleen Doyle,IND,G,18,155,18,0,8.6,0.6,2.3,0.244,0.3,1.2,0.238,0.3,1.1,0.25,0.1,0.2,0.5,0.2,0.8,1.1,0.4,0,1,1.4,1.5
384,2020,Candice Dupree,IND,F,22,665,22,22,30.2,5.3,11.4,0.462,0.1,0.8,0.167,5.1,10.6,0.485,1.9,2.2,0.854,1.2,5.7,2.5,0.7,0.4,1.3,1.2,12.5
385,2020,Sylvia Fowles,MIN,C,7,168,7,7,24,5.6,9.1,0.609,0,0,,5.6,9.1,0.609,3.4,4.1,0.828,3,9.7,0.9,0.9,1.1,1.1,2.6,14.6
386,2020,Allisha Gray,DAL,G,20,524,20,14,26.2,4.6,9.8,0.464,1.3,3.6,0.352,3.3,6.3,0.528,2.7,3.3,0.831,1.4,4.2,1.3,1.1,0.3,1.1,1.9,13.1
387,2020,Chelsea Gray,LAS,G,22,679,22,22,30.9,5.5,12.5,0.442,0.8,2.7,0.305,4.7,9.9,0.479,2.1,2.2,0.939,0.7,3.7,5.3,1.5,0.1,2.7,1.7,14
388,2020,Reshanda Gray,LAS,F,10,62,10,0,6.2,0.4,1.1,0.364,0,0,,0.4,1.1,0.364,0.6,0.7,0.857,0.6,2.8,0.3,0.1,0.4,1,1,1.4
389,2020,Brittney Griner,PHO,C,12,382,12,12,31.8,7.3,14.6,0.497,0,0.1,0,7.3,14.5,0.5,3.2,3.9,0.809,1.5,7.5,3,0.3,1.8,2.5,2.5,17.7
390,2020,Marie Gulich,LAS,C,12,119,12,1,9.9,1.1,2.2,0.5,0,0.3,0,1.1,1.9,0.565,0.3,0.3,1,0.4,1.5,0.6,0.3,0.3,0.4,1.9,2.4
391,2020,Megan Gustafson,DAL,C,10,48,10,0,4.8,0.4,1.4,0.286,0,0.1,0,0.4,1.3,0.308,0.6,0.9,0.667,0.6,1.1,0.1,0,0.1,0.2,0.9,1.4
392,2020,Dearica Hamby,LVA,F,22,622,22,0,28.3,5,9.3,0.539,0.8,1.7,0.474,4.2,7.5,0.554,2.2,3,0.716,1.3,7.1,2.7,1.7,0.2,2,2.3,13
393,2020,Isabelle Harrison,DAL,F,13,258,13,11,19.8,2.6,5.8,0.447,0,0.2,0,2.6,5.6,0.466,1.2,1.5,0.789,1.5,4.6,1.5,0.7,0.4,1.4,2.5,6.4
394,2020,Mikiah Herbert Harrigan,MIN,F,21,234,21,0,11.1,1.4,3.9,0.366,0.7,1.6,0.424,0.8,2.3,0.327,0.2,0.3,0.714,0.7,2.3,0.3,0.4,0.4,0.7,1,3.8
395,2020,Tyasha Harris,DAL,G,21,412,21,3,19.6,2.6,6,0.433,0.9,2.7,0.339,1.7,3.4,0.507,0.7,1,0.636,0,1.2,2.7,0.9,0.1,0.9,1.7,6.8
396,2020,Bria Hartley,PHO,G,13,322,13,3,24.8,5.1,12.1,0.42,1.9,5,0.385,3.2,7.1,0.446,2.5,3.2,0.805,0.4,2.9,4.5,1.2,0,2.1,2.5,14.6
397,2020,Tianna Hawkins,WAS,F,17,329,17,5,19.4,3.1,7.6,0.408,1,3.4,0.298,2.1,4.3,0.493,1.3,1.5,0.846,0.7,3.5,1,0.8,0.4,1.2,2.6,8.5
398,2020,Ruthy Hebard,CHI,F,22,320,22,6,14.5,2.6,3.9,0.682,0,0,,2.6,3.9,0.682,0.4,0.5,0.75,0.8,3.9,0.3,0.5,0.4,0.7,1.6,5.7
399,2020,Natisha Hiedeman,CON,G,22,408,22,4,18.5,2,5.8,0.354,1,2.9,0.359,1,2.9,0.349,1,1.4,0.7,0.4,1.9,1.9,0.4,0,1.1,2,6.1
400,2020,Myisha Hines-Allen,WAS,F,22,659,22,22,30,6.8,13.4,0.51,1.2,2.8,0.426,5.6,10.6,0.532,2.2,2.6,0.828,1.6,8.9,2.6,1.4,0.2,2.2,2.9,17
401,2020,Bria Holmes,CON,G,18,291,18,4,16.2,1.9,5.4,0.357,0.6,1.7,0.333,1.4,3.8,0.368,0.4,0.7,0.667,0.7,1.8,1.1,0.7,0.3,1,0.9,4.9
402,2020,Joyner Holmes,NYL,F,19,190,19,0,10,1.2,3.8,0.306,0.2,1.5,0.107,1,2.3,0.432,0.5,0.6,0.75,0.8,2.7,0.7,0.1,0.1,0.7,0.7,2.9
403,2020,Natasha Howard,SEA,F,22,463,22,22,21,4,7.5,0.53,0.3,0.9,0.35,3.6,6.5,0.556,1.3,1.6,0.778,2.4,7.1,1,1.7,0.6,2.1,3,9.5
404,2020,Sabrina Ionescu,NYL,G,3,80,3,3,26.7,6.3,14,0.452,2.3,6.7,0.35,4,7.3,0.545,3.3,3.3,1,0.7,4.7,4,0.7,0,4.3,1.3,18.3
405,2020,Briann January,CON,G,13,303,13,10,23.3,1.7,5.8,0.293,0.8,2.4,0.355,0.8,3.4,0.25,0.8,0.9,0.833,0.3,1.2,3.4,0.6,0.2,1.2,1.9,5
406,2020,Moriah Jefferson,DAL,G,9,148,9,6,16.4,2,4.9,0.409,0.2,0.7,0.333,1.8,4.2,0.421,0.8,1.3,0.583,0.9,3.1,2,0.8,0.2,1.7,1.9,5
407,2020,Glory Johnson,ATL,F,18,277,18,1,15.4,1.7,4.6,0.373,0.6,2.3,0.262,1.1,2.3,0.488,0.7,1.3,0.5,0.4,3.7,0.6,0.8,0.4,0.7,1.5,4.7
408,2020,Shenise Johnson,MIN,G,17,212,17,4,12.5,1.6,4.8,0.341,0.4,1,0.353,1.3,3.8,0.338,1.5,1.6,0.893,0.6,1.9,1.2,0.9,0.1,1.2,1.1,5.1
409,2020,Alexis Jones,ATL,G,6,53,6,0,8.8,1.3,3.5,0.381,1.2,3.2,0.368,0.2,0.3,0.5,0.2,0.3,0.5,0,0,0.8,0.5,0,1,0.5,4
410,2020,Brionna Jones,CON,F,21,549,21,21,26.1,4.7,7.7,0.605,0,0,1,4.6,7.7,0.602,1.8,2.6,0.691,2.8,5.6,1,1.7,0.7,1.6,3.1,11.2
411,2020,Jazmine Jones,NYL,G,20,428,20,2,21.4,3.5,8.6,0.404,0.8,2.3,0.333,2.7,6.3,0.429,3.2,4,0.788,0.9,4.1,2.3,1.4,0.5,2.9,3,10.8
412,2020,Paris Kea,NYL,G,11,165,11,5,15,2.5,6.6,0.384,1.2,3,0.394,1.4,3.6,0.375,0.6,0.7,0.875,0.5,2,1.5,0.6,0.3,1.7,1.1,6.9
413,2020,Betnijah Laney,ATL,G-F,22,738,22,22,33.5,6.5,13.5,0.481,1.4,3.4,0.405,5.1,10.1,0.507,2.8,3.4,0.827,1.1,4.9,4,1.6,0.1,3,2.5,17.2
414,2020,Crystal Langhorne,SEA,F-C,13,107,13,0,8.2,0.5,1.3,0.412,0.1,0.4,0.2,0.5,0.9,0.5,0.2,0.5,0.5,0.2,2.2,0.5,0.1,0.1,0.8,0.5,1.4
415,2020,Kiara Leslie,WAS,G,19,414,19,10,21.8,2,5.7,0.352,0.9,2.5,0.362,1.1,3.2,0.344,0.6,0.7,0.923,0.8,3,1.1,0.5,0.4,0.9,1.4,5.5
416,2020,Jewell Loyd,SEA,G,22,613,22,22,27.9,5.1,11.5,0.443,1.8,4.5,0.39,3.3,7,0.477,3.5,4,0.875,0.6,2.4,3.2,1.5,0.3,1.9,1.5,15.5
417,2020,Marina Mabrey,DAL,G,19,405,19,12,21.3,3.6,8.3,0.43,2,4.8,0.418,1.6,3.5,0.448,0.8,1.3,0.667,0.6,3.1,2.3,1.3,0.1,1.6,1.9,10
418,2020,Ezi Magbegor,SEA,C,22,292,22,0,13.3,2.8,5,0.569,0,0.1,0.333,2.8,4.8,0.575,0.9,1.2,0.704,1.1,2.5,0.3,0.5,0.7,0.4,2,6.5
419,2020,Kayla McBride,LVA,G,22,587,22,22,26.7,4.1,9.6,0.425,1.1,3.3,0.342,3,6.3,0.468,3.2,3.5,0.897,0.4,2.3,2.4,1.2,0.1,1.4,1.4,12.5
420,2020,Angel McCoughtry,LVA,F-G,22,440,22,22,20,5.3,10.3,0.518,0.7,1.5,0.471,4.6,8.7,0.526,3,3.5,0.882,1.7,5.1,2.5,1.3,0.3,1.7,2.2,14.4
421,2020,Teaira McCowan,IND,C,22,461,22,10,21,4.1,7.6,0.536,0,0.1,0,4.1,7.5,0.545,2.7,3.6,0.75,3.1,7.3,0.6,0.3,1,2,2.6,10.9
422,2020,Emma Meesseman,WAS,F,20,634,20,20,31.7,5.5,12,0.454,0.7,2.3,0.289,4.8,9.8,0.492,1.5,1.8,0.829,1.7,5.3,4.5,1.2,0.8,2,1.8,13
423,2020,Kelsey Mitchell,IND,G,22,706,22,22,32.1,6.3,14,0.448,2.5,6.5,0.389,3.7,7.5,0.5,2.8,3.3,0.849,0.3,2.2,2.8,0.6,0.1,2.5,2.8,17.9
424,2020,Leilani Mitchell,WAS,G,22,673,22,22,30.6,3.3,8.1,0.408,1.3,4.3,0.305,2,3.8,0.524,1.5,1.8,0.872,0.5,2.8,5.4,0.8,0,1.7,2.1,9.5
425,2020,Tiffany Mitchell,IND,G,19,502,19,11,26.4,3.9,11.3,0.346,0.9,3.8,0.233,3,7.4,0.404,4.1,4.3,0.951,0.8,3.4,2.6,0.6,0.1,2.4,2.6,12.7
426,2020,Beatrice Mompremier,CON,F,21,187,21,0,8.9,1,2.2,0.426,0,0,,1,2.2,0.426,0.4,0.9,0.444,1.5,3.3,0.1,0.2,0.6,0.7,1.3,2.3
427,2020,Kaleena Mosqueda-Lewis,CON,F,16,164,16,0,10.3,1.2,4,0.297,0.8,2.9,0.255,0.4,1.1,0.412,0.3,0.4,0.571,0.1,1.3,0.3,0.2,0.1,0.4,1.1,3.4
428,2020,Astou Ndour,DAL,C-F,13,151,13,7,11.6,1.5,4.4,0.351,0.5,1.9,0.24,1.1,2.5,0.438,0,0,,1,2.9,0.5,0.2,0.5,0.5,2.2,3.5
429,2020,Kia Nurse,NYL,G,21,578,21,18,27.5,3.2,11.9,0.273,1.5,6.2,0.238,1.8,5.7,0.311,4.2,4.9,0.864,0.5,2.9,2.3,0.5,0.2,2.2,1.8,12.2
430,2020,Leaonna Odom,NYL,F,22,453,22,16,20.6,2.2,4.5,0.49,0.2,0.9,0.25,2,3.5,0.551,0.9,1,0.87,1.5,2.3,0.7,0.7,0.4,0.7,1.7,5.5
431,2020,Arike Ogunbowale,DAL,G,22,748,22,22,34,7.9,19,0.413,2.2,6.5,0.336,5.7,12.5,0.453,4.9,5.7,0.856,0.5,2.8,3.5,1.6,0,2.1,2.5,22.8
432,2020,Nneka Ogwumike,LAS,F,18,476,18,18,26.4,5.3,9.3,0.569,0.5,1,0.5,4.8,8.3,0.577,2.3,2.7,0.837,1.2,4.8,1.7,1.1,0.2,1.6,2.3,13.3
433,2020,Candace Parker,LAS,F-C,22,665,22,22,30.2,5.6,11,0.51,0.9,2.2,0.396,4.8,8.9,0.538,2.6,3.5,0.731,1.7,9.7,4.6,1.2,1.2,2.9,2.3,14.7
434,2020,Cheyenne Parker,CHI,F,20,497,20,13,24.9,4.9,8.8,0.554,0.8,1.6,0.469,4.1,7.2,0.573,2.9,3.4,0.853,2.4,6.4,1.5,1.3,0.9,2.8,3.2,13.4
435,2020,Theresa Plaisance,CON,F,13,90,13,0,6.9,0.8,2.2,0.379,0.4,1.3,0.294,0.5,0.9,0.5,0.4,0.5,0.833,0.2,1,0.1,0.4,0.2,0.2,1.5,2.5
436,2020,Aerial Powers,WAS,G,6,179,6,6,29.8,5.3,11.5,0.464,1.5,4.3,0.346,3.8,7.2,0.535,4.2,5,0.833,0.3,4.8,2.5,1.5,0,1.8,2.7,16.3
437,2020,Alexis Prince,CHI,F,2,16,2,0,8,1.5,2.5,0.6,1,1.5,0.667,0.5,1,0.5,0,0,,1,1.5,0,0,0.5,0,0.5,4
438,2020,Epiphanny Prince,SEA,G,15,190,15,0,12.7,1.5,3.8,0.386,0.6,1.8,0.333,0.9,2,0.433,0.7,0.9,0.846,0.1,1.2,1.4,0.4,0.1,0.8,1.5,4.3
439,2020,Allie Quigley,CHI,G,22,631,22,22,28.7,5.9,13.1,0.448,2.1,6,0.346,3.8,7,0.535,1.5,1.7,0.919,0.3,2.9,2.4,0.6,0.3,1.3,1.4,15.4
440,2020,Danielle Robinson,LVA,G,22,492,22,1,22.4,2.8,5.5,0.512,0.2,0.6,0.385,2.6,4.9,0.528,1.5,1.9,0.81,0.2,2.4,3.2,0.9,0.1,1.3,1.7,7.4
441,2020,Sugar Rodgers,LVA,G,22,263,22,1,12,1.2,3.7,0.321,0.9,2.9,0.313,0.3,0.8,0.353,0.1,0.2,0.75,0.1,1.3,1.4,0.3,0.1,0.7,1.1,3.4
442,2020,Tierra Ruffin-Pratt,LAS,G,17,251,17,10,14.8,0.7,2.6,0.267,0.4,0.8,0.462,0.4,1.9,0.188,1.1,1.5,0.731,0.5,2.1,0.9,0.6,0.2,0.5,1.6,2.9
443,2020,Mercedes Russell,SEA,C,22,304,22,2,13.8,1.5,3.5,0.41,0,0,,1.5,3.5,0.41,0.6,1.1,0.56,0.7,3.2,0.6,0.4,0.4,0.7,1,3.5
444,2020,Satou Sabally,DAL,F,16,450,16,14,28.1,4.2,11.4,0.368,0.8,4.1,0.197,3.4,7.3,0.466,4.7,5.4,0.872,2.6,7.8,2.5,0.9,0.9,2.2,3.1,13.9
445,2020,Katie Lou Samuelson,DAL,F,22,439,22,4,20,1.8,4.4,0.417,0.9,2.7,0.317,1,1.6,0.583,0.5,0.7,0.733,0.4,2.4,1.4,0.7,0.4,0.5,1.5,5
446,2020,Kylee Shook,NYL,F,20,290,20,0,14.5,1.6,4,0.405,0.2,0.9,0.176,1.5,3.1,0.468,0.7,0.9,0.824,0.8,2.8,0.6,0.4,0.5,1,1.3,4.1
447,2020,Odyssey Sims,MIN,G,13,240,13,7,18.5,3.2,8,0.404,0.6,1.8,0.333,2.6,6.2,0.425,2.3,2.5,0.909,0.6,2,3.5,0.5,0.1,1.9,1.7,9.4
448,2020,Kamiah Smalls,IND,G,7,100,7,0,14.3,1.3,2.9,0.45,1,1.7,0.583,0.3,1.1,0.25,0.3,0.3,1,0.7,1.1,2,0.1,0.1,0.3,0.4,3.9
449,2020,Alanna Smith,PHO,F,19,296,19,0,15.6,2.3,5.4,0.422,0.5,2.3,0.233,1.7,3.1,0.559,1.1,1.5,0.69,1.1,3.6,1.2,0.3,0.8,0.9,2.5,6.1
450,2020,Azura Stevens,CHI,F-C,13,355,13,13,27.3,4.5,9.1,0.5,1.2,3,0.385,3.4,6.1,0.557,1.3,1.5,0.85,1.4,5.9,1.5,0.9,1.8,1.5,3,11.5
451,2020,Breanna Stewart,SEA,F,20,607,20,20,30.4,6.7,14.8,0.451,1.8,4.8,0.368,4.9,10,0.49,4.7,5.2,0.894,1,8.3,3.6,1.7,1.3,2.6,2.3,19.7
452,2020,Kiah Stokes,NYL,C,22,601,22,22,27.3,2.3,6.2,0.372,0.9,3.9,0.235,1.4,2.4,0.596,0.2,0.3,0.571,1.3,6.7,1.2,0.5,1.2,1.3,2,5.7
453,2020,Shekinna Stricklen,ATL,F,22,482,22,15,21.9,2.1,6.3,0.341,1.5,4.5,0.333,0.6,1.8,0.359,0.4,0.4,1,0.2,1.9,0.6,0.3,0,0.7,2,6.1
454,2020,Sug Sutton,WAS,G,12,113,12,0,9.4,1,2.8,0.364,0.4,1.4,0.294,0.6,1.3,0.438,0.4,0.6,0.714,0,0.7,1,0.1,0,0.5,0.9,2.8
455,2020,Carolyn Swords,LVA,C,22,384,22,21,17.5,1,2.3,0.46,0,0,,1,2.3,0.46,0.8,1,0.773,1.5,4.6,0.9,0.2,0,0.8,1,2.9
456,2020,Brittney Sykes,LAS,G,21,517,21,14,24.6,3.5,7.1,0.487,0.8,2.3,0.327,2.7,4.8,0.564,2.4,3,0.806,0.8,2.6,2.1,1.5,0.3,1.7,3,10.1
457,2020,Diana Taurasi,PHO,G,19,533,19,19,28.1,5.1,12.4,0.409,3.2,8.8,0.365,1.8,3.6,0.515,5.4,5.9,0.912,0.1,4.2,4.5,1,0.4,2.3,2.7,18.7
458,2020,Alyssa Thomas,CON,F,21,689,21,21,32.8,5.8,11.6,0.5,0,0,0,5.8,11.6,0.502,3.9,5.6,0.686,1.9,9,4.8,2,0.3,2.5,2.8,15.5
459,2020,Jasmine Thomas,CON,G,19,485,19,19,25.5,4,9.9,0.404,1.1,3.3,0.333,2.9,6.6,0.44,1.1,1.2,0.913,0.2,1.7,4,1.3,0.3,2.4,1.6,10.2
460,2020,Kayla Thornton,DAL,F,22,557,22,14,25.3,2.5,5.7,0.429,1.1,3.3,0.347,1.3,2.5,0.537,1.3,1.5,0.875,1.5,5.1,0.8,0.9,0.2,1.1,3,7.3
461,2020,Morgan Tuck,SEA,F,10,88,10,0,8.8,0.5,1.6,0.313,0.2,0.9,0.222,0.3,0.7,0.429,0.5,0.8,0.625,0.2,0.6,0.2,0.5,0,0.6,1.2,1.7
462,2020,Brianna Turner,PHO,F,22,613,22,22,27.9,3,5.2,0.579,0,0,0,3,5.1,0.584,1.2,1.9,0.643,2.6,9,1.8,1.1,2,1.4,3,7.2
463,2020,Courtney Vandersloot,CHI,G,22,693,22,22,31.5,4.9,9.9,0.491,1.4,3.5,0.395,3.5,6.5,0.542,2.5,2.9,0.889,0.5,3.5,10,1.2,0.4,2.5,2.1,13.6
464,2020,Kia Vaughn,PHO,C,22,415,22,10,18.9,2.8,5.8,0.488,0,0.1,0,2.8,5.7,0.496,0.5,0.9,0.579,1.1,3.6,1.5,0.5,0.3,1.5,1.8,6.1
465,2020,Victoria Vivians,IND,G,6,85,6,0,14.2,1.7,4.8,0.345,0.3,1.8,0.182,1.3,3,0.444,1.2,1.3,0.875,0.3,2.3,0.5,0.2,0,1,2.5,4.8
466,2020,Megan Walker,NYL,F,18,205,18,0,11.4,1.4,4.3,0.321,0.3,2.4,0.14,1.1,1.9,0.543,0.2,0.3,0.6,0.6,1.5,0.3,0.2,0,0.4,0.8,3.3
467,2020,Shatori Walker-Kimbrough,PHO,G,21,400,21,10,19,2.6,6,0.429,1,2.4,0.431,1.5,3.6,0.427,1.1,1.2,0.92,0.3,1.6,1.5,1.1,0.4,1,1.1,7.3
468,2020,Avery Warley-Talbert,LVA,C,3,24,3,0,8,1,2.3,0.429,0,0,,1,2.3,0.429,0.7,1,0.667,1.7,2.7,1,0,0,0.7,2,2.7
469,2020,Sami Whitcomb,SEA,G,22,363,22,0,16.5,2.8,6.4,0.443,1.5,3.8,0.381,1.4,2.5,0.536,1,1,1,0.2,2.3,2,0.7,0.1,1,1.4,8.1
470,2020,Sydney Wiese,LAS,G,19,363,19,15,19.1,2.5,4.9,0.505,1.3,2.8,0.472,1.2,2.1,0.55,0.6,0.6,0.917,0.3,1.7,1.2,0.6,0.1,1.2,0.9,6.8
471,2020,Courtney Williams,ATL,G,20,615,20,14,30.8,6.7,15.4,0.436,0.4,1.7,0.235,6.3,13.7,0.462,0.8,1.2,0.696,1.9,7.2,3.2,0.7,0.1,2.7,2,14.6
472,2020,Elizabeth Williams,ATL,C-F,22,647,22,22,29.4,4,8.1,0.489,0,0,,4,8.1,0.489,2.2,3,0.742,2.2,5.7,1.4,0.8,1.4,1.1,2.6,10.1
473,2020,Gabby Williams,CHI,F,22,546,22,4,24.8,3,7.2,0.424,0.9,3.2,0.286,2.1,4,0.534,0.7,1.1,0.64,0.9,4,2,1.3,0.2,1.7,1.5,7.7
474,2020,Riquna Williams,LAS,G,21,444,21,4,21.1,3.9,8.9,0.435,2,4.9,0.422,1.8,4,0.452,0.8,0.9,0.889,0.1,1.8,1.5,1.1,0.3,0.9,2,10.5
475,2020,Jocelyn Willoughby,NYL,F-G,22,383,22,5,17.4,1.8,5,0.358,0.7,1.7,0.405,1.1,3.3,0.333,1.6,1.9,0.833,0.7,2.4,0.9,0.7,0.3,1.5,2.3,5.8
476,2020,A'ja Wilson,LVA,F,22,697,22,22,31.7,7.5,15.7,0.48,0,0,,7.5,15.7,0.48,5.4,6.9,0.781,1.5,8.5,2,1.2,2,1.6,2.2,20.5
477,2020,Jackie Young,LVA,G,22,568,22,0,25.8,4.2,8.6,0.492,0.1,0.6,0.231,4.1,8,0.511,2.4,2.8,0.852,0.8,4.3,3,0.7,0.1,1.6,1.8,11
478,2020,Amanda Zahui B.,NYL,C,21,531,21,20,25.3,3.1,8.8,0.353,1.6,4.8,0.34,1.5,4,0.369,1.2,1.7,0.694,0.7,8.5,1.9,0.9,1.2,2.6,3.1,9
479,2020,Essence Carson,TOT,G,21,291,21,2,13.9,1.4,4.7,0.303,0.6,2.1,0.273,0.9,2.6,0.327,0.3,0.5,0.6,0.3,1.7,0.6,0.4,0.1,0.8,1,3.7
480,2020,Jacki Gemelos,TOT,G,18,222,18,1,12.3,1.1,3.1,0.339,0.5,1.9,0.257,0.6,1.2,0.476,0.1,0.2,0.5,0.2,1.1,0.8,0.3,0.1,0.7,1,2.7
481,2020,Megan Huff,TOT,F,7,16,7,0,2.3,0,0.4,0,0,0.1,0,0,0.3,0,0,0,,0.3,0.6,0.1,0,0,0.4,0.4,0
482,2020,Alisia Jenkins,TOT,F,5,28,5,0,5.6,0.4,1.6,0.25,0,0.6,0,0.4,1,0.4,0.8,1.2,0.667,0,0.8,0,0,0,0.6,0.6,1.6
483,2020,Stella Johnson,TOT,G,9,100,9,2,11.1,1.8,3.8,0.471,1,1.6,0.643,0.8,2.2,0.35,0.6,0.6,1,0.4,1.3,1.3,0.7,0.2,0.4,1.2,5.1
484,2020,Stephanie Mavunga,TOT,F,10,95,10,0,9.5,1.3,2.9,0.448,0,0.5,0,1.3,2.4,0.542,0.9,1.1,0.818,1,3.3,0.5,0.1,0.2,1.1,1.1,3.5
485,2020,Erica McCall,TOT,F,20,183,20,0,9.2,0.8,2.3,0.356,0.1,0.2,0.25,0.8,2.1,0.366,0.9,1.1,0.818,1.2,2.5,0.2,0.4,0.4,0.5,1.2,2.6
486,2020,Shey Peddy,TOT,G,17,257,17,0,15.1,1.1,3.7,0.302,0.2,2,0.118,0.9,1.7,0.517,1.3,1.3,1,0.5,2.1,1.8,1.1,0.1,0.9,1.3,3.8
487,2020,Essence Carson,WAS,G,10,168,10,0,16.8,1.7,5.9,0.288,0.6,2.3,0.261,1.1,3.6,0.306,0.3,0.6,0.5,0.6,1.8,0.5,0.5,0.1,1,0.9,4.3
488,2020,Jacki Gemelos,CON,G,6,29,6,0,4.8,0.7,1.3,0.5,0.5,1,0.5,0.2,0.3,0.5,0,0,,0,0.3,0.2,0.3,0,0.5,0.8,1.8
489,2020,Megan Huff,MIN,F,3,5,3,0,1.7,0,0.3,0,0,0,,0,0.3,0,0,0,,0.7,1,0.3,0,0,0,0.3,0
490,2020,Alisia Jenkins,IND,F,1,2,1,0,2,0,0,,0,0,,0,0,,0,0,,0,1,0,0,0,0,0,0
491,2020,Stella Johnson,CHI,G,4,6,4,0,1.5,0,0.3,0,0,0,,0,0.3,0,0,0,,0,0.5,0,0.3,0,0,0.3,0
492,2020,Stephanie Mavunga,IND,F,5,59,5,0,11.8,1.6,3.6,0.444,0,0.4,0,1.6,3.2,0.5,1.8,2.2,0.818,1.4,4,0.6,0,0.4,1,0.6,5
493,2020,Erica McCall,ATL,F,1,5,1,0,5,0,0,,0,0,,0,0,,0,0,,0,2,0,1,0,0,1,0
494,2020,Shey Peddy,WAS,G,9,116,9,0,12.9,1,3.2,0.31,0.2,1.7,0.133,0.8,1.6,0.5,1.3,1.3,1,0.2,1.2,1.2,0.8,0,0.9,0.9,3.6
495,2020,Essence Carson,CON,G,11,123,11,2,11.2,1.2,3.6,0.325,0.5,1.9,0.286,0.6,1.7,0.368,0.3,0.4,0.75,0.1,1.5,0.6,0.4,0.1,0.5,1.1,3.2
496,2020,Jacki Gemelos,WAS,G,12,193,12,1,16.1,1.3,4,0.313,0.5,2.4,0.207,0.8,1.6,0.474,0.2,0.3,0.5,0.3,1.4,1.2,0.3,0.1,0.8,1.1,3.2
497,2020,Megan Huff,LVA,F,4,11,4,0,2.8,0,0.5,0,0,0.3,0,0,0.3,0,0,0,,0,0.3,0,0,0,0.8,0.5,0
498,2020,Alisia Jenkins,CHI,F,2,3,2,0,1.5,0,0,,0,0,,0,0,,0,0,,0,0,0,0,0,0,0,0
499,2020,Stella Johnson,WAS,G,5,94,5,2,18.8,3.2,6.6,0.485,1.8,2.8,0.643,1.4,3.8,0.368,1,1,1,0.8,2,2.4,1,0.4,0.8,2,9.2
500,2020,Stephanie Mavunga,CHI,F,5,36,5,0,7.2,1,2.2,0.455,0,0.6,0,1,1.6,0.625,0,0,,0.6,2.6,0.4,0.2,0,1.2,1.6,2
501,2020,Erica McCall,MIN,F,19,178,19,0,9.4,0.8,2.4,0.356,0.1,0.2,0.25,0.8,2.2,0.366,0.9,1.2,0.818,1.2,2.5,0.2,0.3,0.4,0.5,1.2,2.7
502,2020,Shey Peddy,PHO,G,8,141,8,0,17.6,1.3,4.3,0.294,0.3,2.4,0.105,1,1.9,0.533,1.3,1.3,1,0.9,3,2.4,1.5,0.1,0.9,1.8,4
503,2020,Alisia Jenkins,PHO,F,2,23,2,0,11.5,1,4,0.25,0,1.5,0,1,2.5,0.4,2,3,0.667,0,1.5,0,0,0,1.5,1.5,4
504,2021,Natalie Achonwa,MIN,F,21,253,21,1,12,1.2,2.9,0.426,0,0,0,1.2,2.9,0.433,1.2,1.3,0.893,0.6,2.1,1.2,0.6,0.2,0.6,1.6,3.7
505,2021,Bella Alarie,DAL,C-F,31,407,31,11,13.1,1,2.1,0.5,0,0.1,0,1,2,0.516,0.5,0.6,0.85,1.4,3.3,0.5,0.6,0.6,0.6,1.4,2.6
506,2021,Lindsay Allen,IND,G,32,571,32,8,17.8,2,4.8,0.428,0.4,1.5,0.298,1.6,3.3,0.486,0.9,1.2,0.811,0.3,1.5,3,0.5,0.1,1,1.1,5.4
507,2021,Rebecca Allen,NYL,F,25,615,25,13,24.6,3,8.6,0.343,1.9,5,0.381,1,3.6,0.289,1.3,1.5,0.892,0.8,3.7,1.1,1.6,1.2,0.8,2.2,9.2
508,2021,Jillian Alleyne,WAS,C-F,2,8,2,0,4,0,1,0,0,0,,0,1,0,0,0,,0.5,2,0,0.5,0,0,0,0
509,2021,Ariel Atkins,WAS,G,30,918,30,30,30.6,5.4,13.2,0.407,2.2,6.1,0.359,3.2,7.1,0.448,3.3,3.9,0.831,1.1,2.8,2.6,1.6,0.5,2,3.2,16.2
510,2021,Rachel Banham,MIN,G,27,341,27,0,12.6,1.9,4.8,0.395,1,2.8,0.373,0.9,2,0.426,0.2,0.3,0.625,0.1,1.2,1.6,0.3,0.1,0.9,1.7,5
511,2021,Monique Billings,ATL,F,31,740,31,9,23.9,3.2,6.5,0.495,0,0.1,0,3.2,6.5,0.5,1.7,2.5,0.675,2.8,6.5,1,1.2,1,1.4,2.5,8.1
512,2021,Sue Bird,SEA,G,30,832,30,30,27.7,3.5,8.2,0.431,2.2,5.3,0.419,1.3,2.9,0.453,0.7,0.8,0.833,0.3,2.6,5.3,0.9,0.1,1.6,1,10
513,2021,DeWanna Bonner,CON,F-G,32,1022,32,32,31.9,5,12.6,0.395,1.4,4.3,0.317,3.6,8.3,0.436,3.9,4.3,0.892,0.7,6.4,3.5,1.3,0.7,2.2,1.6,15.2
514,2021,Brittany Boyd,CHI,G,2,22,2,0,11,0.5,2,0.25,0.5,1,0.5,0,1,0,0.5,1,0.5,0,1,2,1,0,2,1,2
515,2021,Crystal Bradford,ATL,G,24,440,24,9,18.3,3.4,8,0.429,1.2,3.4,0.358,2.2,4.6,0.482,0.8,1.6,0.462,1.3,3.8,1.5,1.2,0.4,1,2.3,8.8
516,2021,Jessica Breland,IND,F,26,544,26,18,20.9,2.6,6.9,0.372,0.2,0.6,0.313,2.4,6.3,0.378,0.5,0.7,0.684,1.4,6.3,2,0.6,1.5,1.8,2,5.8
517,2021,Kalani Brown,ATL,C,1,5,1,0,5,1,3,0.333,0,0,,1,3,0.333,0,0,,0,1,0,0,0,0,0,2
518,2021,Lexie Brown,CHI,G,17,162,17,0,9.5,0.6,2.2,0.263,0.5,1.9,0.242,0.1,0.3,0.4,0,0,,0,0.7,1.1,0.4,0,0.5,0.6,1.6
519,2021,Kennedy Burke,SEA,G,23,176,23,0,7.7,1.1,2.4,0.446,0.3,0.8,0.333,0.8,1.7,0.5,0.4,0.7,0.625,0.3,0.8,0.3,0.3,0.1,0.5,0.6,2.9
520,2021,Liz Cambage,LVA,C,25,595,25,24,23.8,5.6,10.3,0.543,0.2,0.6,0.357,5.4,9.8,0.553,2.8,4,0.71,1.6,8.2,1.3,0.9,1.6,1.8,3,14.2
521,2021,Jordin Canada,SEA,G,29,542,29,3,18.7,1.9,5,0.389,0.1,0.5,0.214,1.8,4.5,0.408,1.8,2.2,0.841,0.6,2.3,3,0.7,0.1,1.1,1,5.8
522,2021,Bridget Carleton,MIN,F,32,618,32,10,19.3,1.7,4.3,0.401,0.8,2.3,0.365,0.9,2,0.444,0.5,0.6,0.8,0.7,2.3,1.5,0.8,0.2,0.8,1.5,4.8
523,2021,DiJonai Carrington,CON,G-F,24,220,24,1,9.2,1.1,3.4,0.329,0.1,0.9,0.143,1,2.5,0.393,0.5,0.6,0.733,0.6,2,0.5,0.5,0.1,0.9,1.5,2.8
524,2021,Chennedy Carter,ATL,G,11,280,11,11,25.5,5.5,12,0.455,0.1,0.8,0.111,5.4,11.2,0.48,3.2,3.6,0.875,0.5,1.3,3.3,0.7,0.4,2.1,3,14.2
525,2021,Kaila Charles,CON,G-F,30,488,30,4,16.3,1.6,4.4,0.368,0.3,1.1,0.303,1.3,3.3,0.39,0.7,0.8,0.875,1.1,2.8,1.1,0.5,0.4,0.9,2,4.3
526,2021,Tina Charles,WAS,C,27,900,27,27,33.3,8.8,19.6,0.449,1.9,5.1,0.365,7,14.6,0.478,3.9,4.7,0.82,2.7,9.6,2.1,0.9,0.9,2.2,2.3,23.4
527,2021,Natasha Cloud,WAS,G,27,852,27,27,31.6,3,7.7,0.389,1,3.5,0.274,2,4.2,0.487,1.7,2,0.836,0.4,3.6,6.4,1.4,0.1,2.2,2.3,8.7
528,2021,Nia Coffey,LAS,F,32,805,32,17,25.2,2.9,6.9,0.421,1.6,3.8,0.417,1.3,3.2,0.426,0.9,1.1,0.778,0.6,3.8,0.9,0.8,1.2,1.4,2.7,8.3
529,2021,Charli Collier,DAL,F-C,28,345,28,18,12.3,1.4,3.1,0.465,0,0,,1.4,3.1,0.465,0.6,0.8,0.696,1.1,3.6,0.2,0.1,0.2,0.5,1.8,3.4
530,2021,Napheesa Collier,MIN,F,29,1003,29,29,34.6,6,13.7,0.441,0.7,2.9,0.253,5.3,10.8,0.49,3.4,3.9,0.86,1.7,6.6,3.2,1.3,1.3,2.3,2.8,16.2
531,2021,Te'a Cooper,LAS,G,31,682,31,13,22,3.1,8.3,0.379,0.8,2.4,0.324,2.4,5.9,0.401,2,2.7,0.75,0.1,1.7,1.4,0.9,0.2,1.8,2.2,9.1
532,2021,Kahleah Copper,CHI,G-F,32,986,32,32,30.8,5.4,11.8,0.459,0.8,2.7,0.306,4.6,9.1,0.503,2.8,3.4,0.818,1.2,4.2,1.8,0.8,0.3,1.9,3,14.4
533,2021,Sophie Cunningham,PHO,G,30,524,30,4,17.5,2,4.5,0.437,1.1,2.6,0.41,0.9,1.9,0.474,0.6,0.9,0.704,0.3,2,1.1,0.5,0.2,0.5,1.9,5.6
534,2021,Crystal Dangerfield,MIN,G,31,623,31,10,20.1,2.8,7.2,0.388,0.9,2.5,0.359,1.9,4.7,0.404,1.2,1.4,0.857,0.3,2,2.8,0.7,0.1,1.4,1.9,7.7
535,2021,Damiris Dantas,MIN,F,24,572,24,20,23.8,2.8,7.3,0.377,1.4,4.3,0.333,1.3,3,0.438,0.8,1,0.75,0.6,4,2.3,0.4,0.3,1.8,2,7.7
536,2021,Elena Delle Donne,WAS,F-G,3,52,3,3,17.3,4.3,9,0.481,1,1.7,0.6,3.3,7.3,0.455,4,4,1,1,4.3,0.7,0,0.3,0.7,0.7,13.7
537,2021,Diamond DeShields,CHI,G,32,860,32,22,26.9,3.8,9.8,0.393,0.8,2.5,0.3,3.1,7.3,0.425,2.8,3.5,0.82,0.4,3.5,2.3,1.2,0.4,1.9,3.2,11.3
538,2021,Blake Dietrick,ATL,G,9,141,9,0,15.7,0.9,3,0.296,0.6,1.8,0.313,0.3,1.2,0.273,0,0,,0.3,1.6,1.2,0.6,0.1,0.6,2.2,2.3
539,2021,Skylar Diggins-Smith,PHO,G,32,1040,32,32,32.5,5.5,12.3,0.45,1.6,4.2,0.37,4,8.1,0.492,5.1,6.2,0.818,0.5,3.2,5.3,1.1,0.8,2.6,2.2,17.7
540,2021,Stefanie Dolson,CHI,C,24,480,24,15,20,3,6.1,0.486,0.8,2,0.404,2.2,4.1,0.525,0.8,0.8,0.947,0.7,3.5,1.3,0.3,0.8,1.3,2.7,7.5
541,2021,Chelsea Dungee,DAL,G,14,64,14,0,4.6,0.2,1.2,0.176,0.1,0.7,0.2,0.1,0.5,0.143,0,0,,0.1,0.2,0.1,0,0.1,0.1,0.5,0.6
542,2021,Sylvia Fowles,MIN,C,31,934,31,31,30.1,6.7,10.5,0.64,0,0,,6.7,10.5,0.64,2.6,3.4,0.755,2.1,10.1,1.4,1.8,1.8,2.3,2.5,16
543,2021,Kysre Gondrezick,IND,G,19,173,19,0,9.1,0.7,2.4,0.283,0.4,1.5,0.286,0.3,0.9,0.278,0.1,0.2,0.5,0.2,1,0.9,0.4,0,0.9,0.7,1.9
544,2021,Aleah Goodman,CON,G,1,3,1,0,3,0,0,,0,0,,0,0,,0,0,,0,0,1,0,0,0,1,0
545,2021,Haley Gorecki,PHO,G,3,6,3,0,2,0,0.3,0,0,0.3,0,0,0,,0,0,,0,0.7,0,0,0,0.3,0,0
546,2021,Allisha Gray,DAL,G,25,694,25,16,27.8,4.2,9.7,0.438,1.2,3.3,0.366,3,6.4,0.475,2.2,2.6,0.862,1.3,5.2,1.7,1,0.8,1.4,2.1,11.9
547,2021,Chelsea Gray,LVA,G,32,926,32,32,28.9,4.6,10.2,0.454,0.8,2.2,0.38,3.8,8,0.475,1,1.1,0.889,0.5,2.9,5.9,1.2,0.3,2.8,1.3,11.1
548,2021,Reshanda Gray,NYL,F,15,210,15,0,14,2.3,4.3,0.531,0.1,0.6,0.222,2.1,3.7,0.582,1.2,1.7,0.692,0.9,3.5,0.3,0.3,0.3,1.4,3.1,5.9
549,2021,Brittney Griner,PHO,C,30,983,30,30,32.8,8.3,14.4,0.575,0.1,0.3,0.444,8.1,14.1,0.578,3.8,4.5,0.846,2.4,9.5,2.7,0.4,1.9,2.2,2.4,20.5
550,2021,Arella Guirantes,LAS,G,25,291,25,2,11.6,1,3.8,0.274,0.2,1.1,0.222,0.8,2.7,0.294,0.8,1,0.808,0.2,1.3,0.6,0.3,0.2,0.5,1,3.2
551,2021,Megan Gustafson,WAS,C,11,109,11,1,9.9,1.7,2.9,0.594,0,0.2,0,1.7,2.7,0.633,0.5,0.8,0.667,1,3.6,0,0.2,0.1,0.8,0.9,4
552,2021,Dearica Hamby,LVA,F,29,710,29,0,24.5,4.4,8,0.545,0.3,1.2,0.25,4.1,6.8,0.599,2.6,3.9,0.655,1.1,6.7,1.7,1.1,0.1,1.5,2,11.6
553,2021,Linnae Harper,MIN,G,1,5,1,0,5,0,0,,0,0,,0,0,,0,0,,0,1,0,0,0,0,2,0
554,2021,Isabelle Harrison,DAL,F,28,665,28,5,23.8,4.6,8.6,0.538,0,0,0,4.6,8.5,0.54,1.7,2.1,0.783,1.6,5.9,1.1,1.1,0.7,1.5,2.5,10.9
555,2021,Mikiah Herbert Harrigan,SEA,F,1,1,1,0,1,0,0,,0,0,,0,0,,0,0,,0,0,0,0,0,0,0,0
556,2021,Tyasha Harris,DAL,G,32,522,32,3,16.3,1.5,4.5,0.336,0.6,1.8,0.339,0.9,2.6,0.333,0.8,0.9,0.833,0.3,1.6,2.7,0.4,0.3,1,1.3,4.4
557,2021,Bria Hartley,PHO,G,6,51,6,0,8.5,1.5,2.7,0.563,0.7,1.2,0.571,0.8,1.5,0.556,0,0,,0.3,0.7,0.8,0.2,0,0.8,0.2,3.7
558,2021,Bernadett Hatar,IND,C,7,106,7,2,15.1,2,4.1,0.483,0,0,,2,4.1,0.483,0.9,1,0.857,1,2.6,0.3,0.4,0.4,1.6,2.6,4.9
559,2021,Tianna Hawkins,ATL,F,28,433,28,8,15.5,1.8,4.5,0.397,0.6,2.4,0.242,1.2,2.1,0.567,0.8,0.8,0.913,0.5,3.1,0.6,0.4,0.5,1.1,2.2,4.9
560,2021,Tiffany Hayes,ATL,G,21,595,21,19,28.3,5,11.4,0.438,1.6,4,0.405,3.4,7.4,0.455,3,3.6,0.853,0.7,3.2,3,1.6,0.2,1.5,3.1,14.7
561,2021,Shyla Heal,CHI,G,4,31,4,0,7.8,0.3,2,0.125,0,0.8,0,0.3,1.3,0.2,1.5,1.5,1,0.3,0.8,0.8,0,0,2.5,1.5,2
562,2021,Ruthy Hebard,CHI,F,30,505,30,6,16.8,2.4,4.6,0.529,0,0.1,0,2.4,4.5,0.537,0.9,1.1,0.794,1.4,4.4,0.8,0.7,0.7,0.6,2,5.8
563,2021,Natisha Hiedeman,CON,G,32,644,32,5,20.1,2.4,6.1,0.4,1.6,4,0.398,0.8,2.1,0.403,1.1,1.6,0.7,0.2,1.9,1.9,0.8,0.2,0.9,1.9,7.6
564,2021,Myisha Hines-Allen,WAS,F,18,462,18,17,25.7,4.9,11.9,0.414,0.7,2.3,0.317,4.2,9.7,0.437,2.3,3.1,0.732,1.8,7,2.5,1.3,0.6,1.8,2.5,12.9
565,2021,Natasha Howard,NYL,F,13,357,13,13,27.5,6.7,13.5,0.494,0.9,2.8,0.333,5.8,10.8,0.536,1.8,2.4,0.774,2.2,7.2,1.7,1.3,0.5,3.8,2.9,16.2
566,2021,Sabrina Ionescu,NYL,G,30,899,30,26,30,3.8,9.9,0.379,1.8,5.5,0.325,2,4.4,0.447,2.4,2.6,0.911,0.7,5.7,6.1,0.6,0.5,3.2,1.8,11.7
567,2021,Briann January,CON,G,29,877,29,29,30.2,2.4,5.8,0.425,0.9,2.4,0.38,1.5,3.3,0.458,1.1,1.3,0.868,0.3,1.4,3.1,0.9,0.1,1.8,2,7
568,2021,Moriah Jefferson,DAL,G,29,500,29,28,17.2,2.3,5.1,0.449,0.8,1.7,0.46,1.5,3.3,0.443,0.1,0.2,0.6,0.4,2,2.5,0.8,0.2,1.4,1.4,5.4
569,2021,Stella Johnson,WAS,G,6,31,6,0,5.2,0.5,1.3,0.375,0.3,0.8,0.4,0.2,0.5,0.333,0.7,0.7,1,0.5,0.5,0.3,0,0.2,0.8,1.2,2
570,2021,Brionna Jones,CON,F,32,980,32,32,30.6,6.1,10.6,0.571,0,0.1,0,6.1,10.5,0.576,2.6,3.2,0.796,3.2,7.3,1.8,1.4,0.5,2.2,3,14.7
571,2021,Jazmine Jones,NYL,G,27,448,27,0,16.6,2,5.5,0.356,0.7,1.7,0.383,1.3,3.8,0.343,1.3,1.7,0.761,0.4,2.4,1.1,0.5,0.4,1.6,2.4,5.9
572,2021,Jonquel Jones,CON,F,27,856,27,27,31.7,7.1,13.8,0.515,1.6,4.3,0.362,5.6,9.5,0.584,3.6,4.5,0.802,2.5,11.2,2.8,1.3,1.3,2.9,3.1,19.4
573,2021,Stephanie Jones,CON,F,18,99,18,0,5.5,0.7,1.6,0.414,0,0.1,0,0.7,1.5,0.444,0.1,0.1,0.5,0.6,1.2,0.2,0.1,0.1,0.2,0.5,1.4
574,2021,Awak Kuier,DAL,F-C,16,142,16,0,8.9,0.8,2.4,0.308,0.2,1.1,0.167,0.6,1.3,0.429,0.7,0.9,0.786,0.6,2.4,0.6,0.3,0.8,1,0.6,2.4
575,2021,Betnijah Laney,NYL,G-F,32,1069,32,32,33.4,6.3,14.1,0.451,1.1,3.4,0.312,5.3,10.7,0.496,3,3.8,0.787,0.8,4.1,5.2,0.7,0.1,3.7,2.2,16.8
576,2021,Jantel Lavender,IND,F,27,539,27,14,20,2.8,7,0.404,0.1,0.7,0.2,2.7,6.2,0.429,0.7,0.7,0.9,1.7,3.9,1.5,0,0.1,1.4,1.8,6.4
577,2021,Kiara Leslie,WAS,G,9,86,9,0,9.6,0.9,2.7,0.333,0.2,0.8,0.286,0.7,1.9,0.353,0.8,0.9,0.875,0.2,2.2,0.2,0.4,0,0.4,1.2,2.8
578,2021,Jewell Loyd,SEA,G,31,962,31,31,31,6.2,14.8,0.42,2.1,5.6,0.376,4.1,9.2,0.448,3.4,3.8,0.889,0.8,4,3.8,1.5,0.2,2.3,2.1,17.9
579,2021,Marina Mabrey,DAL,G,32,773,32,8,24.2,4.9,12.2,0.405,2,5.8,0.342,3,6.4,0.461,1.4,1.6,0.882,0.7,3.9,2.9,1,0.3,2.1,2.5,13.3
580,2021,Ezi Magbegor,SEA,C,30,456,30,3,15.2,2.7,5.3,0.506,0.2,0.3,0.556,2.5,5,0.503,1.1,1.3,0.846,1.5,3.9,0.8,0.6,1,0.9,2.2,6.7
581,2021,Kayla McBride,MIN,G,32,1010,32,32,31.6,4.5,10.3,0.433,1.9,5,0.379,2.6,5.3,0.485,2.8,3.1,0.91,0.3,3.6,2.3,0.8,0.2,1.1,1.8,13.7
582,2021,Erica McCall,WAS,F,23,356,23,6,15.5,1.6,3.2,0.5,0,0,0,1.6,3.2,0.507,0.9,1.4,0.625,1.4,4.3,0.6,0.3,0.4,0.9,2,4.1
583,2021,Angel McCoughtry,LVA,F-G,1,0,1,0,0,0,1,0,0,0,,0,1,0,0,0,,0,0,0,0,0,0,0,0
584,2021,Teaira McCowan,IND,C,32,848,32,23,26.5,4.3,8,0.537,0,0,,4.3,8,0.537,2.7,4.1,0.644,3.4,9.6,1.1,0.6,1.6,1.7,3.3,11.3
585,2021,Aari McDonald,ATL,G,30,493,30,4,16.4,1.9,5.8,0.322,1.1,3.5,0.308,0.8,2.3,0.343,1.5,1.7,0.882,0.3,1.6,2,0.8,0.2,1.2,1.8,6.3
586,2021,Kelsey Mitchell,IND,G,32,1059,32,32,33.1,6.6,15.4,0.431,2.2,6.5,0.335,4.4,8.8,0.502,2.3,2.7,0.882,0.7,2.6,2.5,1.1,0.2,2,2.3,17.8
587,2021,Leilani Mitchell,WAS,G,31,725,31,12,23.4,2.1,5.7,0.36,1.6,4.5,0.357,0.5,1.2,0.368,0.6,0.7,0.826,0.4,2,2.5,0.5,0.1,1.1,1.5,6.4
588,2021,Tiffany Mitchell,IND,G,28,765,28,25,27.3,3.8,9.1,0.421,0.4,1.7,0.255,3.4,7.4,0.459,3.9,4.5,0.88,0.9,2.9,2,0.6,0,1.9,1.9,12
589,2021,Beatrice Mompremier,CON,F,32,275,32,0,8.6,0.8,1.7,0.491,0,0,,0.8,1.7,0.491,0.2,0.4,0.417,0.9,2.4,0.2,0.4,0.3,0.6,1.4,1.8
590,2021,Astou Ndour,CHI,C-F,20,342,20,8,17.1,2.3,5.8,0.397,0.4,1.7,0.235,1.9,4.1,0.463,1.6,1.7,0.941,1.6,4.8,0.4,0.4,0.8,0.9,2.2,6.6
591,2021,Kia Nurse,PHO,G,32,835,32,32,26.1,3.1,8.5,0.359,1.8,5.2,0.353,1.2,3.3,0.368,1.5,1.9,0.79,0.4,3.5,1.8,0.5,0.1,1.5,2.3,9.5
592,2021,Leaonna Odom,NYL,F,18,217,18,0,12.1,1.2,2.5,0.467,0.3,0.9,0.294,0.9,1.6,0.571,0.5,0.7,0.75,0.6,1.2,0.4,0.3,0.3,0.6,1.4,3.1
593,2021,Arike Ogunbowale,DAL,G,32,1003,32,32,31.3,6.2,16.3,0.383,2.5,6.7,0.376,3.7,9.6,0.388,3.8,4.4,0.864,0.7,3.2,3.3,1.1,0,2.1,2.3,18.7
594,2021,Chiney Ogwumike,LAS,F-C,7,134,7,3,19.1,2.9,7,0.408,0.4,0.6,0.75,2.4,6.4,0.378,0.9,1.1,0.75,1.6,4.1,1.3,0.9,0.4,0.9,3.3,7
595,2021,Nneka Ogwumike,LAS,F,18,570,18,18,31.7,6.1,11.4,0.532,0.6,1.7,0.367,5.4,9.7,0.56,1.8,2.2,0.8,1.4,6.5,2.7,1.4,0.3,2.2,1.8,14.5
596,2021,Michaela Onyenwere,NYL,F,32,711,32,29,22.2,2.8,7.1,0.401,1.2,3.5,0.327,1.7,3.6,0.474,1.8,2.1,0.836,0.7,2.9,0.6,0.4,0.3,1.1,2.5,8.6
597,2021,Candace Parker,CHI,F-C,23,615,23,23,26.7,5,11,0.458,1,3.2,0.329,4,7.8,0.511,2.2,2.7,0.794,1.4,8.4,4,0.8,1.2,2.4,1.6,13.3
598,2021,Cheyenne Parker,ATL,F,13,270,13,11,20.8,3.8,8.5,0.455,0.8,2.3,0.333,3.1,6.2,0.5,1.7,2.2,0.786,1,4.5,1.2,1.2,0.9,1.3,2.2,10.2
599,2021,JiSu Park,LVA,C,25,223,25,0,8.9,0.7,2.1,0.327,0,0.2,0,0.7,1.9,0.354,0.6,0.7,0.833,0.6,1.8,0.8,0.1,0.6,0.8,1.1,2
600,2021,Shey Peddy,PHO,G,32,560,32,5,17.5,1.9,4.6,0.412,0.8,2.5,0.333,1.1,2.1,0.507,0.7,0.8,0.92,0.8,2.3,2.5,0.9,0.1,1,1,5.4
601,2021,Chelsey Perry,IND,F,6,40,6,0,6.7,0.8,3,0.278,0.3,1.5,0.222,0.5,1.5,0.333,0.2,0.3,0.5,0,1,0.3,0.5,0,0.3,1.2,2.2
602,2021,Theresa Plaisance,WAS,F,31,559,31,11,18,2.3,6.5,0.351,1.1,3.7,0.302,1.2,2.8,0.419,0.7,0.9,0.815,0.7,4.4,1.4,0.8,0.7,1.2,2.2,6.4
603,2021,Kelsey Plum,LVA,G,26,665,26,0,25.6,4.9,11.3,0.437,1.7,4.4,0.386,3.2,6.9,0.469,3.3,3.5,0.944,0.4,2.5,3.6,1,0,1.7,2.2,14.8
604,2021,Aerial Powers,MIN,G,14,309,14,7,22.1,4.4,10.2,0.427,0.8,2.5,0.314,3.6,7.7,0.463,3.9,4.3,0.917,0.9,3.6,2.1,0.4,0.4,2.9,2.1,13.4
605,2021,Epiphanny Prince,SEA,G,29,416,29,2,14.3,2,4.6,0.439,0.9,1.7,0.5,1.1,2.8,0.402,0.9,1,0.897,0.3,1.6,1.7,0.7,0.2,0.9,1.1,5.8
606,2021,Allie Quigley,CHI,G,26,635,26,11,24.4,4.7,10.4,0.448,2.1,4.6,0.454,2.6,5.8,0.444,1.8,1.9,0.959,0.7,2.7,2.3,0.5,0.3,1.2,1.4,13.2
607,2021,DiDi Richards,NYL,G-F,31,346,31,0,11.2,0.9,2.1,0.422,0.3,0.7,0.455,0.5,1.4,0.405,0.2,0.3,0.6,0.3,1.1,0.8,0.5,0.2,0.5,0.8,2.3
608,2021,Danielle Robinson,IND,G,24,659,24,24,27.5,3.7,8.8,0.417,0.2,1,0.2,3.5,7.8,0.446,2.3,2.6,0.889,0.3,3.5,3.7,1.6,0.1,1.8,2.1,9.9
609,2021,Mercedes Russell,SEA,C,30,740,30,28,24.7,3.1,5,0.617,0,0,,3.1,5,0.617,1.2,1.6,0.766,1.7,6.1,1.6,0.9,0.4,1.3,2.6,7.3
610,2021,Satou Sabally,DAL,F,17,423,17,14,24.9,4.1,9.7,0.418,1.1,3.2,0.327,3,6.5,0.464,2.8,3.6,0.77,1.6,5.9,2.8,0.2,0.8,2.3,3.2,11.9
611,2021,Katie Lou Samuelson,SEA,F,27,566,27,24,21,2.7,5.9,0.456,1,2.7,0.351,1.7,3.1,0.548,0.7,1,0.731,0.4,3.5,1.7,0.7,0.3,1.1,1.7,7
612,2021,Jessica Shepard,MIN,F,22,231,22,0,10.5,0.7,2,0.364,0,0.5,0.083,0.7,1.5,0.469,0.5,0.7,0.75,1.1,3.2,1.7,0.1,0.2,0.8,0.9,2
613,2021,Kylee Shook,NYL,F,30,567,30,19,18.9,2.4,5.1,0.467,0.8,2,0.393,1.6,3,0.516,0.1,0.2,0.8,0.7,4,1.4,0.3,0.5,1.3,1.6,5.7
614,2021,Odyssey Sims,ATL,G,30,753,30,21,25.1,3.5,9.5,0.37,0.5,2.3,0.232,3,7.2,0.414,1.2,1.6,0.729,0.5,2.5,3.6,1.2,0.1,1.6,1.5,8.7
615,2021,Destiny Slocum,LVA,G,21,133,21,0,6.3,0.3,1,0.318,0.2,0.7,0.333,0.1,0.3,0.286,0.1,0.2,0.6,0.1,0.9,0.6,0.1,0,0.3,0.9,1
616,2021,Alanna Smith,PHO,F,18,117,18,0,6.5,0.4,1.9,0.235,0.2,1.2,0.19,0.2,0.7,0.308,0.1,0.2,0.25,0.3,1.3,0.6,0.4,0.3,0.3,0.6,1.2
617,2021,Azura Stevens,CHI,F-C,30,587,30,11,19.6,3,6,0.5,0.5,1.5,0.333,2.5,4.5,0.556,0.9,1.1,0.813,1.6,4.6,0.8,0.8,0.7,0.9,1.8,7.4
618,2021,Breanna Stewart,SEA,F,28,934,28,28,33.4,6.9,15.8,0.439,1.7,5.1,0.336,5.2,10.7,0.488,4.8,5.6,0.847,1.2,9.6,2.7,1.2,1.7,1.6,1.8,20.3
619,2021,Shekinna Stricklen,ATL,F,24,236,24,0,9.8,0.9,3.5,0.259,0.6,2.8,0.212,0.3,0.8,0.421,0.1,0.2,0.4,0.1,0.9,0.3,0.4,0.2,0.1,1.1,2.5
620,2021,Brittney Sykes,LAS,G,32,939,32,20,29.3,3.6,8.9,0.405,0.3,1.3,0.262,3.3,7.6,0.43,1.9,2.5,0.772,1.2,4.6,2.2,1.8,0.5,1.4,2.5,9.4
621,2021,Stephanie Talbot,SEA,F,30,538,30,9,17.9,2.3,4.8,0.483,0.9,2.2,0.415,1.4,2.6,0.538,0.2,0.3,0.75,0.4,2.9,1.6,0.5,0.4,1.6,1.9,5.7
622,2021,Diana Taurasi,PHO,G,16,455,16,16,28.4,4.4,11.9,0.366,2.6,7.6,0.339,1.8,4.4,0.414,3.9,4.5,0.861,0.2,4.4,4.9,0.2,0.6,2.9,2.4,15.2
623,2021,Alyssa Thomas,CON,F,3,37,3,0,12.3,1.3,5,0.267,0,0,,1.3,5,0.267,1,1.3,0.75,0.3,3.3,1.3,0.3,0,1,1.3,3.7
624,2021,Jasmine Thomas,CON,G,30,887,30,30,29.6,3.8,9.8,0.386,1.4,3.5,0.4,2.4,6.3,0.378,1.6,1.9,0.875,0.4,2.4,4.1,1.3,0.2,2.2,1.8,10.6
625,2021,Kayla Thornton,DAL,F,31,857,31,25,27.6,2.7,6.4,0.421,0.7,2,0.349,2,4.3,0.455,1.5,1.7,0.849,2.1,5.6,1.5,0.8,0.2,1,2,7.5
626,2021,Kristi Toliver,LAS,G,19,525,19,19,27.6,3.5,8.5,0.414,1.5,4.4,0.337,2.1,4.2,0.494,0.8,1,0.842,0.5,1.5,2.8,0.7,0,1.7,1.9,9.4
627,2021,Brianna Turner,PHO,F,32,994,32,32,31.1,3.4,6.1,0.554,0,0,0,3.4,6.1,0.557,1,1.4,0.717,2.4,9.4,1.8,0.8,1.3,1.5,2.2,7.8
628,2021,Courtney Vandersloot,CHI,G,32,977,32,32,30.5,4,9.3,0.433,1.1,3.3,0.346,2.9,6.1,0.479,1.3,1.5,0.857,0.5,3.4,8.6,1.7,0.4,3,2.1,10.5
629,2021,Kia Vaughn,PHO,C,28,441,28,2,15.8,2.1,4.8,0.444,0,0,0,2.1,4.7,0.447,0.4,0.7,0.6,0.8,2.7,1.3,0.2,0.2,1.3,1.6,4.6
630,2021,Victoria Vivians,IND,G,31,661,31,8,21.3,2.5,7.5,0.333,1,4.1,0.252,1.5,3.4,0.433,0.8,1,0.833,0.5,3.1,1.3,1.1,0.1,1.3,1.8,6.8
631,2021,Jasmine Walker,LAS,F,2,20,2,0,10,0,2.5,0,0,2,0,0,0.5,0,0,1,0,0,0.5,1,1,0.5,0.5,0.5,0
632,2021,Megan Walker,PHO,F,29,426,29,7,14.7,1.6,5.1,0.311,0.7,2.6,0.267,0.9,2.5,0.356,0.7,1,0.633,0.2,1.3,0.9,0.2,0.3,0.8,1.8,4.5
633,2021,Stephanie Watts,CHI,G,6,84,6,0,14,0.7,3.2,0.211,0.2,1.7,0.1,0.5,1.5,0.333,1,1.3,0.75,1.3,3.7,0.5,0.5,0.3,1.3,2.2,2.5
634,2021,Erica Wheeler,LAS,G,32,967,32,32,30.2,5,12,0.417,1,2.9,0.359,4,9.1,0.435,2.5,3.1,0.827,0.5,3.1,4.8,1.3,0.3,2.7,2.7,13.6
635,2021,Sami Whitcomb,NYL,G,30,843,30,28,28.1,4.1,8.7,0.473,2.5,6,0.425,1.6,2.8,0.578,0.9,1.1,0.818,0.3,5,2.7,1,0.3,2.1,1.8,11.7
636,2021,Sydney Wiese,WAS,G,27,578,27,8,21.4,1.5,4.7,0.323,0.9,2.9,0.291,0.7,1.8,0.375,0.5,0.7,0.778,0.2,1.3,1.6,0.4,0,1,0.7,4.4
637,2021,Courtney Williams,ATL,G,32,1101,32,32,34.4,7.1,17.1,0.418,1.2,3.2,0.382,5.9,13.9,0.426,1.1,1.7,0.642,1.4,6.8,4,1.1,0.5,1.8,1.7,16.5
638,2021,Elizabeth Williams,ATL,C-F,32,761,32,32,23.8,2.5,4.8,0.516,0,0,,2.5,4.8,0.516,0.8,1.7,0.509,2,4.9,1.2,1.1,1.3,0.8,1.9,5.8
639,2021,Kiana Williams,SEA,G,10,35,10,0,3.5,0.1,0.7,0.143,0.1,0.6,0.167,0,0.1,0,0.1,0.1,1,0,0.4,0.2,0.1,0,0.2,0.3,0.4
640,2021,Riquna Williams,LVA,G,32,833,32,32,26,3.6,8,0.444,2,4.7,0.417,1.6,3.3,0.481,1.4,1.6,0.92,0.2,2.6,1.6,0.8,0.3,0.7,1.5,10.5
641,2021,A'ja Wilson,LVA,F,32,1021,32,32,31.9,6.5,14.6,0.444,0,0,1,6.4,14.5,0.443,5.3,6,0.876,2,9.3,3.1,0.9,1.3,1.4,1.5,18.3
642,2021,Aaliyah Wilson,IND,G,14,119,14,0,8.5,0.4,1.9,0.231,0.1,0.5,0.143,0.4,1.4,0.263,0.1,0.3,0.5,0.4,0.9,0.6,0.2,0.1,0.6,1.2,1.1
643,2021,Jackie Young,LVA,G,32,1016,32,32,31.8,4.8,9.6,0.507,0.2,0.6,0.25,4.7,8.9,0.524,2.3,2.8,0.833,0.6,4.1,3.2,1.1,0.3,1.5,1.8,12.2
644,2021,Amanda Zahui B.,LAS,C,30,714,30,27,23.8,3.5,8.2,0.429,1,3.6,0.28,2.5,4.7,0.543,1.1,1.4,0.767,0.8,5.1,1,0.6,1.2,1.8,3.3,9.2
645,2021,Shavonte Zellous,WAS,G,28,442,28,5,15.8,1.5,4.1,0.377,0.4,1.5,0.244,1.2,2.6,0.452,0.9,1.1,0.806,0.6,2.4,1.6,0.4,0.2,0.8,1.7,4.3
646,2021,Kristine Anigwe,TOT,F-C,10,136,10,1,13.6,1.2,2.9,0.414,0,0,,1.2,2.9,0.414,1,1.8,0.556,1.1,3.3,0.5,0.5,0.1,1.2,2.8,3.4
647,2021,Cierra Burdick,TOT,F,14,64,14,0,4.6,0.4,0.8,0.455,0,0,,0.4,0.8,0.455,0.2,0.4,0.6,0.5,1.4,0.4,0.2,0.2,0.2,0.4,0.9
648,2021,Emma Cannon,TOT,F,20,295,20,6,14.8,2.3,5.1,0.446,0.4,1.2,0.292,1.9,3.9,0.494,0.7,0.9,0.722,1.3,3.7,0.9,0.3,0.2,1.6,2.1,5.5
649,2021,Layshia Clarendon,TOT,G,22,543,22,20,24.7,4.2,8.1,0.517,0.2,0.6,0.357,4,7.5,0.53,1.3,1.7,0.784,0.5,3,5.4,0.6,0,3,2.7,9.9
650,2021,Lauren Cox,TOT,F,26,305,26,0,11.7,1,2.5,0.385,0.1,0.3,0.25,0.9,2.2,0.404,0.6,0.8,0.8,0.6,3,0.5,0.5,0.6,0.6,1.1,2.6
651,2021,Candice Dupree,TOT,F,26,463,26,6,17.8,2.8,6.5,0.435,0,0.3,0.143,2.8,6.3,0.448,0.7,0.8,0.818,0.6,3,0.7,0.5,0.2,0.8,1.1,6.4
652,2021,Dana Evans,TOT,G,29,221,29,0,7.6,0.9,2.7,0.342,0.6,1.6,0.4,0.3,1.2,0.265,0.8,0.9,0.885,0,0.4,1,0.2,0,0.6,0.7,3.3
653,2021,Bria Holmes,TOT,G,19,318,19,5,16.7,1.6,5.1,0.323,0.4,1.7,0.242,1.2,3.3,0.365,0.7,1.2,0.565,1.1,2.6,1.1,0.8,0.3,1.1,1.1,4.4
654,2021,Joyner Holmes,TOT,F,5,28,5,0,5.6,1,2,0.5,0.6,0.8,0.75,0.4,1.2,0.333,0,0,,0,0.8,0.6,0,0.2,0.4,0.6,2.6
655,2021,Natasha Mack,TOT,F,4,18,4,0,4.5,0.5,0.8,0.667,0,0,,0.5,0.8,0.667,0.5,0.5,1,0.3,1,0,0,0,0.5,0.5,1.5
656,2021,Karlie Samuelson,TOT,G,14,206,14,3,14.7,1.1,3.1,0.364,0.9,2.2,0.387,0.3,0.9,0.308,0.5,0.6,0.778,0.2,1.9,0.8,0.5,0,0.6,1.5,3.6
657,2021,Kiah Stokes,TOT,C,24,443,24,8,18.5,0.7,1.2,0.571,0,0.1,0.5,0.6,1.1,0.577,0.2,0.3,0.667,1.5,5.4,0.8,0.4,0.7,0.5,1.4,1.5
658,2021,Shatori Walker-Kimbrough,TOT,G,17,350,17,13,20.6,2.4,4.6,0.513,0.5,1.5,0.32,1.9,3.1,0.604,1.8,2.1,0.857,0.2,1.4,0.9,0.7,0.3,1.2,1.6,6.9
659,2021,Kristine Anigwe,DAL,F-C,3,30,3,0,10,1,2,0.5,0,0,,1,2,0.5,0.3,0.7,0.5,0.3,2,0,0.3,0,0.7,2.3,2.3
660,2021,Cierra Burdick,PHO,F,4,19,4,0,4.8,0.5,1,0.5,0,0,,0.5,1,0.5,0,0,,0.8,1.8,0.8,0.3,0.3,0.3,0.5,1
661,2021,Emma Cannon,LVA,F,3,17,3,0,5.7,0.7,1.7,0.4,0,0.7,0,0.7,1,0.667,0.7,0.7,1,0.7,1.7,0.3,0,0.3,1,1,2
662,2021,Layshia Clarendon,NYL,G,1,3,1,0,3,0,0,,0,0,,0,0,,0,0,,0,0,0,0,0,2,1,0
663,2021,Lauren Cox,IND,F,11,95,11,0,8.6,0.5,1.7,0.316,0.1,0.3,0.333,0.5,1.5,0.313,0.2,0.2,1,0.5,2,0.3,0.4,0.3,0.6,0.8,1.4
664,2021,Candice Dupree,SEA,F,16,260,16,2,16.3,2.6,5.9,0.436,0.1,0.3,0.25,2.5,5.6,0.444,0.7,0.7,1,0.5,2.5,0.7,0.4,0.2,0.8,1.3,5.9
665,2021,Dana Evans,DAL,G,6,24,6,0,4,0.2,1,0.167,0.2,0.5,0.333,0,0.5,0,0.3,0.3,1,0,0,0.5,0,0,0.7,0.5,0.8
666,2021,Bria Holmes,LAS,G,17,312,17,5,18.4,1.8,5.6,0.326,0.5,1.9,0.242,1.4,3.6,0.371,0.8,1.4,0.565,1.2,2.8,1.2,0.9,0.4,1.2,1.2,4.9
667,2021,Joyner Holmes,NYL,F,1,5,1,0,5,0,0,,0,0,,0,0,,0,0,,0,0,1,0,0,1,1,0
668,2021,Natasha Mack,CHI,F,3,16,3,0,5.3,0.7,1,0.667,0,0,,0.7,1,0.667,0.7,0.7,1,0.3,1.3,0,0,0,0.7,0.7,2
669,2021,Karlie Samuelson,LAS,G,11,174,11,3,15.8,1.2,3.1,0.382,1,2.1,0.478,0.2,1,0.182,0.5,0.6,0.714,0.3,2.3,0.8,0.6,0,0.5,1.8,3.8
670,2021,Kiah Stokes,NYL,C,9,135,9,0,15,0.7,1.2,0.545,0.1,0.2,0.5,0.6,1,0.556,0.2,0.2,1,0.9,4.2,0.6,0.4,0.7,0.7,1.6,1.7
671,2021,Shatori Walker-Kimbrough,CON,G,1,4,1,0,4,0,0,,0,0,,0,0,,0,0,,0,1,0,0,1,1,1,0
672,2021,Layshia Clarendon,MIN,G,21,540,21,20,25.7,4.4,8.5,0.517,0.2,0.7,0.357,4.1,7.8,0.53,1.4,1.8,0.784,0.6,3.1,5.7,0.6,0,3,2.8,10.4
673,2021,Joyner Holmes,LVA,F,4,23,4,0,5.8,1.3,2.5,0.5,0.8,1,0.75,0.5,1.5,0.333,0,0,,0,1,0.5,0,0.3,0.3,0.5,3.3
674,2021,Shatori Walker-Kimbrough,WAS,G,16,346,16,13,21.6,2.5,4.9,0.513,0.5,1.6,0.32,2,3.3,0.604,1.9,2.2,0.857,0.3,1.4,1,0.8,0.3,1.2,1.7,7.4
675,2021,Kristine Anigwe,LAS,F-C,7,106,7,1,15.1,1.3,3.3,0.391,0,0,,1.3,3.3,0.391,1.3,2.3,0.563,1.4,3.9,0.7,0.6,0.1,1.4,3,3.9
676,2021,Emma Cannon,CON,F,5,58,5,0,11.6,1.6,3.4,0.471,0.8,1.6,0.5,0.8,1.8,0.444,0.2,0.4,0.5,1,3,0.8,0,0.2,1,2,4.2
677,2021,Natasha Mack,MIN,F,1,2,1,0,2,0,0,,0,0,,0,0,,0,0,,0,0,0,0,0,0,0,0
678,2021,Cierra Burdick,MIN,F,3,10,3,0,3.3,0.7,1,0.667,0,0,,0.7,1,0.667,0.7,1,0.667,0,0.3,0,0,0,0,0,2
679,2021,Dana Evans,CHI,G,23,197,23,0,8.6,1.1,3.2,0.356,0.7,1.8,0.405,0.4,1.3,0.29,0.9,1,0.875,0,0.5,1.2,0.2,0,0.6,0.8,3.9
680,2021,Cierra Burdick,SEA,F,7,35,7,0,5,0.1,0.6,0.25,0,0,,0.1,0.6,0.25,0.1,0.3,0.5,0.6,1.7,0.4,0.3,0.3,0.3,0.6,0.4
681,2021,Emma Cannon,IND,F,12,220,12,6,18.3,2.9,6.6,0.443,0.3,1.2,0.214,2.7,5.4,0.492,0.8,1.2,0.714,1.5,4.5,1,0.4,0.2,2,2.4,6.9
682,2021,Kiah Stokes,LVA,C,15,308,15,8,20.5,0.7,1.1,0.588,0,0,,0.7,1.1,0.588,0.1,0.3,0.5,1.8,6.1,1,0.4,0.7,0.5,1.3,1.5
683,2021,Lauren Cox,LAS,F,15,210,15,0,14,1.3,3.1,0.413,0.1,0.3,0.2,1.2,2.7,0.439,0.9,1.2,0.778,0.7,3.7,0.6,0.7,0.9,0.6,1.3,3.5
684,2021,Karlie Samuelson,SEA,G,3,32,3,0,10.7,1,3.3,0.3,0.3,2.7,0.125,0.7,0.7,1,0.7,0.7,1,0,0.3,0.7,0,0,1,0.3,3
685,2021,Candice Dupree,ATL,F,10,203,10,4,20.3,3.3,7.6,0.434,0,0.3,0,3.3,7.3,0.452,0.7,1.1,0.636,0.7,3.8,0.6,0.5,0.2,0.9,0.8,7.3
686,2021,Bria Holmes,LVA,G,2,6,2,0,3,0,0.5,0,0,0,,0,0.5,0,0,0,,0,1,0,0,0,0.5,0,0
